-- MySQL dump 10.13  Distrib 8.0.17, for Win64 (x86_64)
--
-- Host: localhost    Database: selenium_rails
-- ------------------------------------------------------
-- Server version	8.0.17

/*!40101 SET @OLD_CHARACTER_SET_CLIENT=@@CHARACTER_SET_CLIENT */;
/*!40101 SET @OLD_CHARACTER_SET_RESULTS=@@CHARACTER_SET_RESULTS */;
/*!40101 SET @OLD_COLLATION_CONNECTION=@@COLLATION_CONNECTION */;
/*!50503 SET NAMES utf8 */;
/*!40103 SET @OLD_TIME_ZONE=@@TIME_ZONE */;
/*!40103 SET TIME_ZONE='+00:00' */;
/*!40014 SET @OLD_UNIQUE_CHECKS=@@UNIQUE_CHECKS, UNIQUE_CHECKS=0 */;
/*!40014 SET @OLD_FOREIGN_KEY_CHECKS=@@FOREIGN_KEY_CHECKS, FOREIGN_KEY_CHECKS=0 */;
/*!40101 SET @OLD_SQL_MODE=@@SQL_MODE, SQL_MODE='NO_AUTO_VALUE_ON_ZERO' */;
/*!40111 SET @OLD_SQL_NOTES=@@SQL_NOTES, SQL_NOTES=0 */;

--
-- Table structure for table `ar_internal_metadata`
--

DROP TABLE IF EXISTS `ar_internal_metadata`;
/*!40101 SET @saved_cs_client     = @@character_set_client */;
/*!50503 SET character_set_client = utf8mb4 */;
CREATE TABLE `ar_internal_metadata` (
  `key` varchar(255) NOT NULL,
  `value` varchar(255) DEFAULT NULL,
  `created_at` datetime(6) NOT NULL,
  `updated_at` datetime(6) NOT NULL,
  PRIMARY KEY (`key`)
) ENGINE=InnoDB DEFAULT CHARSET=utf8;
/*!40101 SET character_set_client = @saved_cs_client */;

--
-- Dumping data for table `ar_internal_metadata`
--

LOCK TABLES `ar_internal_metadata` WRITE;
/*!40000 ALTER TABLE `ar_internal_metadata` DISABLE KEYS */;
INSERT INTO `ar_internal_metadata` VALUES ('environment','development','2020-01-16 22:17:50.054392','2020-01-16 22:17:50.054392');
/*!40000 ALTER TABLE `ar_internal_metadata` ENABLE KEYS */;
UNLOCK TABLES;

--
-- Table structure for table `case_suites`
--

DROP TABLE IF EXISTS `case_suites`;
/*!40101 SET @saved_cs_client     = @@character_set_client */;
/*!50503 SET character_set_client = utf8mb4 */;
CREATE TABLE `case_suites` (
  `id` int(11) NOT NULL AUTO_INCREMENT,
  `test_case_id` int(11) DEFAULT NULL,
  `test_suite_id` int(11) DEFAULT NULL,
  `sequence` int(11) DEFAULT NULL,
  `created_at` datetime DEFAULT NULL,
  `updated_at` datetime DEFAULT NULL,
  PRIMARY KEY (`id`)
) ENGINE=InnoDB AUTO_INCREMENT=36 DEFAULT CHARSET=utf8 COLLATE=utf8_unicode_ci;
/*!40101 SET character_set_client = @saved_cs_client */;

--
-- Dumping data for table `case_suites`
--

LOCK TABLES `case_suites` WRITE;
/*!40000 ALTER TABLE `case_suites` DISABLE KEYS */;
INSERT INTO `case_suites` VALUES (3,3,2,1,'2020-01-17 16:40:29','2020-01-21 20:44:42'),(4,4,2,2,'2020-01-17 16:40:29','2020-01-21 20:45:09'),(5,5,2,3,NULL,'2020-01-21 20:45:21'),(6,6,2,4,NULL,NULL),(7,7,3,1,'2020-01-27 03:07:44','2020-01-27 03:07:44'),(8,8,3,2,'2020-01-27 03:07:44','2020-01-27 03:07:44'),(9,9,3,3,'2020-01-27 03:07:44','2020-01-27 03:07:44'),(10,10,3,4,'2020-01-27 03:07:44','2020-01-27 03:07:44'),(11,11,3,5,'2020-01-27 03:07:44','2020-01-27 03:07:44'),(12,12,3,6,'2020-01-27 03:07:44','2020-01-27 03:07:44'),(13,13,3,7,'2020-01-27 03:07:44','2020-01-27 03:07:44'),(14,14,3,8,'2020-01-27 03:07:44','2020-01-27 03:07:44'),(15,15,3,9,'2020-01-27 03:07:44','2020-01-27 03:07:44'),(16,16,3,10,'2020-01-27 03:07:44','2020-01-27 03:07:44'),(17,17,3,11,'2020-01-27 03:07:44','2020-01-27 03:07:44'),(18,18,3,12,'2020-01-27 03:07:44','2020-01-27 03:07:44'),(19,19,3,13,'2020-01-27 03:07:44','2020-01-27 03:07:44'),(20,20,3,15,'2020-01-27 03:07:44','2020-01-27 03:07:44'),(21,21,3,16,'2020-01-27 03:07:44','2020-01-27 03:07:44'),(22,22,3,17,'2020-01-27 03:07:44','2020-01-27 03:07:44'),(23,23,3,18,'2020-01-27 03:07:44','2020-01-27 03:07:44'),(24,24,3,19,'2020-01-27 03:07:45','2020-01-27 03:07:45'),(25,25,3,20,'2020-01-27 03:07:45','2020-01-27 03:07:45'),(26,26,3,21,'2020-01-27 03:07:45','2020-01-27 03:07:45'),(27,27,3,22,'2020-01-27 03:07:45','2020-01-27 03:07:45'),(28,28,3,23,'2020-01-27 03:07:45','2020-01-27 03:07:45'),(29,29,3,24,'2020-01-27 03:07:45','2020-01-27 03:07:45'),(30,30,3,25,'2020-01-27 03:07:45','2020-01-27 03:07:45'),(31,31,3,26,'2020-01-27 03:07:45','2020-01-27 03:07:45'),(32,32,3,27,'2020-01-27 03:07:45','2020-01-27 03:07:45'),(33,33,3,28,'2020-01-27 03:07:45','2020-01-27 03:07:45'),(34,34,3,29,'2020-01-27 03:07:45','2020-01-27 03:07:45'),(35,35,3,14,NULL,NULL);
/*!40000 ALTER TABLE `case_suites` ENABLE KEYS */;
UNLOCK TABLES;

--
-- Table structure for table `environments`
--

DROP TABLE IF EXISTS `environments`;
/*!40101 SET @saved_cs_client     = @@character_set_client */;
/*!50503 SET character_set_client = utf8mb4 */;
CREATE TABLE `environments` (
  `id` int(11) NOT NULL AUTO_INCREMENT,
  `url` text CHARACTER SET utf8 COLLATE utf8_unicode_ci,
  `username` varchar(255) CHARACTER SET utf8 COLLATE utf8_unicode_ci DEFAULT NULL,
  `password` varchar(255) CHARACTER SET utf8 COLLATE utf8_unicode_ci DEFAULT NULL,
  `created_at` datetime DEFAULT NULL,
  `updated_at` datetime DEFAULT NULL,
  `name` varchar(255) CHARACTER SET utf8 COLLATE utf8_unicode_ci DEFAULT NULL,
  `login_field` varchar(255) COLLATE utf8_unicode_ci DEFAULT NULL,
  `password_field` varchar(255) COLLATE utf8_unicode_ci DEFAULT NULL,
  `action_button` varchar(255) COLLATE utf8_unicode_ci DEFAULT NULL,
  `result_name` varchar(255) COLLATE utf8_unicode_ci DEFAULT NULL,
  `result_value` varchar(255) COLLATE utf8_unicode_ci DEFAULT NULL,
  `default_suite_id` int(11) DEFAULT NULL,
  PRIMARY KEY (`id`)
) ENGINE=InnoDB AUTO_INCREMENT=4 DEFAULT CHARSET=utf8 COLLATE=utf8_unicode_ci;
/*!40101 SET character_set_client = @saved_cs_client */;

--
-- Dumping data for table `environments`
--

LOCK TABLES `environments` WRITE;
/*!40000 ALTER TABLE `environments` DISABLE KEYS */;
INSERT INTO `environments` VALUES (1,'http://hotline.resourcestack.com/login','mjw','mwebster','2015-07-27 21:45:23','2020-01-17 16:57:18','development','user_session_initials','user_session_password','commit',NULL,NULL,NULL),(2,'dev4.resourcestack.com','ewims@air.org','12345678abcD','2015-07-27 21:47:38','2015-07-27 21:47:38','testing',NULL,NULL,NULL,NULL,NULL,NULL),(3,'http://dev7.resourcestack.com','marshall.schulte@resourcestack.com','12345678abcD','2015-07-31 21:29:14','2015-07-31 21:29:14','InternalTest',NULL,NULL,NULL,NULL,NULL,NULL);
/*!40000 ALTER TABLE `environments` ENABLE KEYS */;
UNLOCK TABLES;

--
-- Table structure for table `result_cases`
--

DROP TABLE IF EXISTS `result_cases`;
/*!40101 SET @saved_cs_client     = @@character_set_client */;
/*!50503 SET character_set_client = utf8mb4 */;
CREATE TABLE `result_cases` (
  `id` int(11) NOT NULL AUTO_INCREMENT,
  `rd_id` int(11) DEFAULT NULL,
  `test_case_id` int(11) DEFAULT NULL,
  `result_suite_id` int(11) DEFAULT NULL,
  `created_at` datetime DEFAULT NULL,
  `updated_at` datetime DEFAULT NULL,
  `screenshot_file_location` text COLLATE utf8_unicode_ci,
  `scheduler_id` int(11) DEFAULT NULL,
  `error_description` text COLLATE utf8_unicode_ci,
  PRIMARY KEY (`id`)
) ENGINE=InnoDB AUTO_INCREMENT=720 DEFAULT CHARSET=utf8 COLLATE=utf8_unicode_ci;
/*!40101 SET character_set_client = @saved_cs_client */;

--
-- Dumping data for table `result_cases`
--

LOCK TABLES `result_cases` WRITE;
/*!40000 ALTER TABLE `result_cases` DISABLE KEYS */;
INSERT INTO `result_cases` VALUES (25,2,3,NULL,NULL,NULL,'25.png',40,NULL),(26,2,4,NULL,NULL,NULL,'26.png',40,NULL),(27,2,5,NULL,NULL,NULL,'27.png',40,NULL),(28,2,6,NULL,NULL,NULL,'28.png',40,NULL),(29,2,3,NULL,NULL,NULL,'29.png',41,NULL),(30,2,4,NULL,NULL,NULL,'30.png',41,NULL),(31,2,5,NULL,NULL,NULL,'31.png',41,NULL),(32,2,6,NULL,NULL,NULL,'32.png',41,NULL),(33,2,3,NULL,NULL,NULL,'33.png',42,NULL),(34,2,4,NULL,NULL,NULL,'34.png',42,NULL),(35,2,5,NULL,NULL,NULL,'35.png',42,NULL),(36,2,6,NULL,NULL,NULL,'36.png',42,NULL),(37,2,3,NULL,NULL,NULL,'37.png',43,NULL),(38,2,4,NULL,NULL,NULL,'38.png',43,NULL),(39,2,5,NULL,NULL,NULL,'39.png',43,NULL),(40,2,6,NULL,NULL,NULL,'40.png',43,NULL),(41,2,3,NULL,NULL,NULL,'41.png',44,NULL),(42,2,4,NULL,NULL,NULL,'42.png',44,NULL),(43,2,5,NULL,NULL,NULL,'43.png',44,NULL),(44,2,6,NULL,NULL,NULL,'44.png',44,NULL),(45,2,3,NULL,NULL,NULL,'45.png',45,NULL),(46,2,4,NULL,NULL,NULL,'46.png',45,NULL),(47,1,5,NULL,NULL,NULL,NULL,45,NULL),(48,1,6,NULL,NULL,NULL,NULL,45,NULL),(49,2,3,NULL,NULL,NULL,'49.png',46,NULL),(50,1,4,NULL,NULL,NULL,NULL,46,NULL),(51,1,5,NULL,NULL,NULL,NULL,46,NULL),(52,1,6,NULL,NULL,NULL,NULL,46,NULL),(53,2,3,NULL,NULL,NULL,'53.png',47,NULL),(54,1,4,NULL,NULL,NULL,NULL,47,NULL),(55,2,5,NULL,NULL,NULL,'55.png',47,NULL),(56,2,6,NULL,NULL,NULL,'56.png',47,NULL),(57,2,3,NULL,NULL,NULL,'57.png',48,NULL),(58,1,4,NULL,NULL,NULL,NULL,48,NULL),(59,2,5,NULL,NULL,NULL,'59.png',48,NULL),(60,2,6,NULL,NULL,NULL,'60.png',48,NULL),(61,1,3,NULL,NULL,NULL,NULL,49,NULL),(62,1,4,NULL,NULL,NULL,NULL,49,NULL),(63,1,5,NULL,NULL,NULL,NULL,49,NULL),(64,2,6,NULL,NULL,NULL,'64.png',49,NULL),(65,2,3,NULL,NULL,NULL,'65.png',50,NULL),(66,1,4,NULL,NULL,NULL,NULL,50,NULL),(67,1,5,NULL,NULL,NULL,NULL,50,NULL),(68,1,6,NULL,NULL,NULL,NULL,50,NULL),(69,2,3,NULL,NULL,NULL,'69.png',51,NULL),(70,1,4,NULL,NULL,NULL,NULL,51,NULL),(71,1,5,NULL,NULL,NULL,NULL,51,NULL),(72,1,6,NULL,NULL,NULL,NULL,51,NULL),(73,2,3,NULL,NULL,NULL,'73.png',52,NULL),(74,1,4,NULL,NULL,NULL,NULL,52,NULL),(75,1,5,NULL,NULL,NULL,NULL,52,NULL),(76,1,6,NULL,NULL,NULL,NULL,52,NULL),(77,1,3,NULL,NULL,NULL,NULL,53,NULL),(78,1,4,NULL,NULL,NULL,NULL,53,NULL),(79,1,5,NULL,NULL,NULL,NULL,53,NULL),(80,1,6,NULL,'2020-01-26 19:21:58',NULL,NULL,53,NULL),(81,1,3,NULL,'2020-01-26 19:30:25','2020-01-26 19:30:27',NULL,59,NULL),(82,1,4,NULL,'2020-01-26 19:30:27','2020-01-26 19:30:27',NULL,59,NULL),(83,1,5,NULL,'2020-01-26 19:30:27','2020-01-26 19:30:27',NULL,59,NULL),(84,1,6,NULL,'2020-01-26 19:30:27','2020-01-26 19:30:27',NULL,59,NULL),(85,1,14,NULL,'2020-01-26 22:10:04','2020-01-26 22:10:04',NULL,60,NULL),(86,1,15,NULL,'2020-01-26 22:10:04','2020-01-26 22:10:04',NULL,60,NULL),(87,1,21,NULL,'2020-01-26 22:10:07','2020-01-26 22:10:07',NULL,60,NULL),(88,1,23,NULL,'2020-01-26 22:10:08','2020-01-26 22:10:08',NULL,60,NULL),(89,1,24,NULL,'2020-01-26 22:10:08','2020-01-26 22:10:08',NULL,60,NULL),(90,1,25,NULL,'2020-01-26 22:10:08','2020-01-26 22:10:08',NULL,60,NULL),(91,1,26,NULL,'2020-01-26 22:10:08','2020-01-26 22:10:08',NULL,60,NULL),(92,1,31,NULL,'2020-01-26 22:10:10','2020-01-26 22:10:10',NULL,60,NULL),(93,1,33,NULL,'2020-01-26 22:10:11','2020-01-26 22:10:11',NULL,60,NULL),(94,2,7,NULL,'2020-01-26 22:15:13','2020-01-26 22:15:14','94.png',61,NULL),(95,2,8,NULL,'2020-01-26 22:15:14','2020-01-26 22:15:14','95.png',61,NULL),(96,2,9,NULL,'2020-01-26 22:15:15','2020-01-26 22:15:15','96.png',61,NULL),(97,2,10,NULL,'2020-01-26 22:15:15','2020-01-26 22:15:15','97.png',61,NULL),(98,2,11,NULL,'2020-01-26 22:15:16','2020-01-26 22:15:16','98.png',61,NULL),(99,2,12,NULL,'2020-01-26 22:15:17','2020-01-26 22:15:17','99.png',61,NULL),(100,2,13,NULL,'2020-01-26 22:15:17','2020-01-26 22:15:17','100.png',61,NULL),(101,1,14,NULL,'2020-01-26 22:15:18','2020-01-26 22:15:18',NULL,61,NULL),(102,1,15,NULL,'2020-01-26 22:15:18','2020-01-26 22:15:18',NULL,61,NULL),(103,2,16,NULL,'2020-01-26 22:15:18','2020-01-26 22:15:18','103.png',61,NULL),(104,2,17,NULL,'2020-01-26 22:15:18','2020-01-26 22:15:18','104.png',61,NULL),(105,2,18,NULL,'2020-01-26 22:15:19','2020-01-26 22:15:19','105.png',61,NULL),(106,2,19,NULL,'2020-01-26 22:15:19','2020-01-26 22:15:20','106.png',61,NULL),(107,1,20,NULL,'2020-01-26 22:15:20','2020-01-26 22:15:20',NULL,61,NULL),(108,1,21,NULL,'2020-01-26 22:15:20','2020-01-26 22:15:20',NULL,61,NULL),(109,1,22,NULL,'2020-01-26 22:15:20','2020-01-26 22:15:20',NULL,61,NULL),(110,1,23,NULL,'2020-01-26 22:15:20','2020-01-26 22:15:20',NULL,61,NULL),(111,1,24,NULL,'2020-01-26 22:15:20','2020-01-26 22:15:20',NULL,61,NULL),(112,1,25,NULL,'2020-01-26 22:15:20','2020-01-26 22:15:20',NULL,61,NULL),(113,1,26,NULL,'2020-01-26 22:15:20','2020-01-26 22:15:20',NULL,61,NULL),(114,2,27,NULL,'2020-01-26 22:15:20','2020-01-26 22:15:20','114.png',61,NULL),(115,2,28,NULL,'2020-01-26 22:15:21','2020-01-26 22:15:21','115.png',61,NULL),(116,2,29,NULL,'2020-01-26 22:15:21',NULL,'116.png',61,NULL),(117,2,30,NULL,'2020-01-26 22:15:22',NULL,'117.png',61,NULL),(118,1,31,NULL,'2020-01-26 22:15:23','2020-01-26 22:15:23',NULL,61,NULL),(119,2,32,NULL,'2020-01-26 22:15:23',NULL,'119.png',61,NULL),(120,1,33,NULL,'2020-01-26 22:15:23','2020-01-26 22:15:23',NULL,61,NULL),(121,1,34,NULL,'2020-01-26 22:15:23','2020-01-26 22:15:23',NULL,61,NULL),(122,2,7,NULL,'2020-01-26 22:18:00','2020-01-26 22:18:03','122.png',62,NULL),(123,1,8,NULL,'2020-01-26 22:18:03','2020-01-26 22:18:03',NULL,62,NULL),(124,1,9,NULL,'2020-01-26 22:18:04','2020-01-26 22:18:04',NULL,62,NULL),(125,2,10,NULL,'2020-01-26 22:18:04','2020-01-26 22:18:04','125.png',62,NULL),(126,1,11,NULL,'2020-01-26 22:18:04','2020-01-26 22:18:04',NULL,62,NULL),(127,1,12,NULL,'2020-01-26 22:18:04','2020-01-26 22:18:04',NULL,62,NULL),(128,1,13,NULL,'2020-01-26 22:18:04','2020-01-26 22:18:05',NULL,62,NULL),(129,1,14,NULL,'2020-01-26 22:18:05','2020-01-26 22:18:05',NULL,62,NULL),(130,1,15,NULL,'2020-01-26 22:18:05','2020-01-26 22:18:05',NULL,62,NULL),(131,1,16,NULL,'2020-01-26 22:18:05','2020-01-26 22:18:05',NULL,62,NULL),(132,1,17,NULL,'2020-01-26 22:18:05','2020-01-26 22:18:05',NULL,62,NULL),(133,1,18,NULL,'2020-01-26 22:18:05','2020-01-26 22:18:05',NULL,62,NULL),(134,1,19,NULL,'2020-01-26 22:18:05','2020-01-26 22:18:05',NULL,62,NULL),(135,1,20,NULL,'2020-01-26 22:18:05','2020-01-26 22:18:05',NULL,62,NULL),(136,1,21,NULL,'2020-01-26 22:18:05','2020-01-26 22:18:05',NULL,62,NULL),(137,1,22,NULL,'2020-01-26 22:18:05','2020-01-26 22:18:05',NULL,62,NULL),(138,1,23,NULL,'2020-01-26 22:18:05','2020-01-26 22:18:05',NULL,62,NULL),(139,1,24,NULL,'2020-01-26 22:18:05','2020-01-26 22:18:05',NULL,62,NULL),(140,1,25,NULL,'2020-01-26 22:18:05','2020-01-26 22:18:05',NULL,62,NULL),(141,1,26,NULL,'2020-01-26 22:18:05','2020-01-26 22:18:05',NULL,62,NULL),(142,2,27,NULL,'2020-01-26 22:18:05','2020-01-26 22:18:05','142.png',62,NULL),(143,2,28,NULL,'2020-01-26 22:18:06','2020-01-26 22:18:06','143.png',62,NULL),(144,2,29,NULL,'2020-01-26 22:18:06',NULL,'144.png',62,NULL),(145,2,30,NULL,'2020-01-26 22:18:07',NULL,'145.png',62,NULL),(146,1,31,NULL,'2020-01-26 22:18:07','2020-01-26 22:18:07',NULL,62,NULL),(147,2,32,NULL,'2020-01-26 22:18:07',NULL,'147.png',62,NULL),(148,2,33,NULL,'2020-01-26 22:18:08','2020-01-26 22:18:08','148.png',62,NULL),(149,1,34,NULL,'2020-01-26 22:18:09','2020-01-26 22:18:09',NULL,62,NULL),(150,2,7,NULL,'2020-01-26 22:30:43','2020-01-26 22:30:43','150.png',63,NULL),(151,2,8,NULL,'2020-01-26 22:30:44','2020-01-26 22:30:44','151.png',63,NULL),(152,2,9,NULL,'2020-01-26 22:30:44','2020-01-26 22:30:44','152.png',63,NULL),(153,2,10,NULL,'2020-01-26 22:30:45','2020-01-26 22:30:45','153.png',63,NULL),(154,2,11,NULL,'2020-01-26 22:30:45','2020-01-26 22:30:45','154.png',63,NULL),(155,2,12,NULL,'2020-01-26 22:30:46','2020-01-26 22:30:46','155.png',63,NULL),(156,2,13,NULL,'2020-01-26 22:30:46','2020-01-26 22:30:46','156.png',63,NULL),(157,2,14,NULL,'2020-01-26 22:30:47',NULL,'157.png',63,NULL),(158,2,15,NULL,'2020-01-26 22:30:47',NULL,'158.png',63,NULL),(159,2,16,NULL,'2020-01-26 22:30:48','2020-01-26 22:30:48','159.png',63,NULL),(160,2,17,NULL,'2020-01-26 22:30:48','2020-01-26 22:30:48','160.png',63,NULL),(161,2,18,NULL,'2020-01-26 22:30:49','2020-01-26 22:30:49','161.png',63,NULL),(162,2,19,NULL,'2020-01-26 22:30:50','2020-01-26 22:30:50','162.png',63,NULL),(163,2,20,NULL,'2020-01-26 22:30:50',NULL,'163.png',63,NULL),(164,2,21,NULL,'2020-01-26 22:30:51',NULL,'164.png',63,NULL),(165,2,22,NULL,'2020-01-26 22:30:51',NULL,'165.png',63,NULL),(166,2,23,NULL,'2020-01-26 22:30:52',NULL,'166.png',63,NULL),(167,2,24,NULL,'2020-01-26 22:30:52',NULL,'167.png',63,NULL),(168,2,25,NULL,'2020-01-26 22:30:53',NULL,'168.png',63,NULL),(169,2,26,NULL,'2020-01-26 22:30:53',NULL,'169.png',63,NULL),(170,2,27,NULL,'2020-01-26 22:30:54','2020-01-26 22:30:54','170.png',63,NULL),(171,2,28,NULL,'2020-01-26 22:30:54','2020-01-26 22:30:54','171.png',63,NULL),(172,2,29,NULL,'2020-01-26 22:30:55',NULL,'172.png',63,NULL),(173,2,30,NULL,'2020-01-26 22:30:55',NULL,'173.png',63,NULL),(174,2,31,NULL,'2020-01-26 22:30:56',NULL,'174.png',63,NULL),(175,2,32,NULL,'2020-01-26 22:30:57',NULL,'175.png',63,NULL),(176,2,33,NULL,'2020-01-26 22:30:57',NULL,'176.png',63,NULL),(177,2,34,NULL,'2020-01-26 22:30:58',NULL,'177.png',63,NULL),(178,2,7,NULL,'2020-01-26 22:38:39','2020-01-26 22:38:39','178.png',64,NULL),(179,2,8,NULL,'2020-01-26 22:38:40','2020-01-26 22:38:40','179.png',64,NULL),(180,2,9,NULL,'2020-01-26 22:38:40','2020-01-26 22:38:40','180.png',64,NULL),(181,2,10,NULL,'2020-01-26 22:38:41','2020-01-26 22:38:41','181.png',64,NULL),(182,2,11,NULL,'2020-01-26 22:38:41','2020-01-26 22:38:41','182.png',64,NULL),(183,2,12,NULL,'2020-01-26 22:38:42','2020-01-26 22:38:42','183.png',64,NULL),(184,2,13,NULL,'2020-01-26 22:38:42','2020-01-26 22:38:42','184.png',64,NULL),(185,2,14,NULL,'2020-01-26 22:38:43',NULL,'185.png',64,NULL),(186,2,15,NULL,'2020-01-26 22:38:44',NULL,'186.png',64,NULL),(187,2,16,NULL,'2020-01-26 22:38:44','2020-01-26 22:38:44','187.png',64,NULL),(188,2,17,NULL,'2020-01-26 22:38:45','2020-01-26 22:38:45','188.png',64,NULL),(189,2,18,NULL,'2020-01-26 22:38:45','2020-01-26 22:38:45','189.png',64,NULL),(190,2,19,NULL,'2020-01-26 22:38:46','2020-01-26 22:38:46','190.png',64,NULL),(191,2,20,NULL,'2020-01-26 22:38:46',NULL,'191.png',64,NULL),(192,2,21,NULL,'2020-01-26 22:38:47',NULL,'192.png',64,NULL),(193,2,22,NULL,'2020-01-26 22:38:47',NULL,'193.png',64,NULL),(194,2,23,NULL,'2020-01-26 22:38:48',NULL,'194.png',64,NULL),(195,2,24,NULL,'2020-01-26 22:38:48',NULL,'195.png',64,NULL),(196,2,25,NULL,'2020-01-26 22:38:49',NULL,'196.png',64,NULL),(197,2,26,NULL,'2020-01-26 22:38:49',NULL,'197.png',64,NULL),(198,2,27,NULL,'2020-01-26 22:38:50','2020-01-26 22:38:50','198.png',64,NULL),(199,2,28,NULL,'2020-01-26 22:38:51','2020-01-26 22:38:51','199.png',64,NULL),(200,2,29,NULL,'2020-01-26 22:38:51',NULL,'200.png',64,NULL),(201,2,30,NULL,'2020-01-26 22:38:52',NULL,'201.png',64,NULL),(202,2,31,NULL,'2020-01-26 22:38:52',NULL,'202.png',64,NULL),(203,2,32,NULL,'2020-01-26 22:38:53',NULL,'203.png',64,NULL),(204,2,33,NULL,'2020-01-26 22:38:53',NULL,'204.png',64,NULL),(205,2,34,NULL,'2020-01-26 22:38:54',NULL,'205.png',64,NULL),(206,2,7,NULL,'2020-01-26 22:45:36','2020-01-26 22:46:55','206.png',65,NULL),(207,2,8,NULL,'2020-01-26 22:47:05','2020-01-26 22:47:08','207.png',65,NULL),(208,2,9,NULL,'2020-01-26 22:47:18','2020-01-26 22:47:18',NULL,65,NULL),(209,1,7,NULL,'2020-01-26 22:47:53','2020-01-26 22:47:54',NULL,65,NULL),(210,1,8,NULL,'2020-01-26 22:47:54','2020-01-26 22:47:54',NULL,65,NULL),(211,1,9,NULL,'2020-01-26 22:47:54','2020-01-26 22:47:55',NULL,65,NULL),(212,2,10,NULL,'2020-01-26 22:47:55','2020-01-26 22:47:55','212.png',65,NULL),(213,1,11,NULL,'2020-01-26 22:47:55','2020-01-26 22:47:55',NULL,65,NULL),(214,1,12,NULL,'2020-01-26 22:47:55','2020-01-26 22:47:55',NULL,65,NULL),(215,1,13,NULL,'2020-01-26 22:47:55','2020-01-26 22:47:55',NULL,65,NULL),(216,1,14,NULL,'2020-01-26 22:47:55','2020-01-26 22:47:55',NULL,65,NULL),(217,1,15,NULL,'2020-01-26 22:47:56','2020-01-26 22:47:56',NULL,65,NULL),(218,1,16,NULL,'2020-01-26 22:47:56','2020-01-26 22:47:56',NULL,65,NULL),(219,1,17,NULL,'2020-01-26 22:47:56','2020-01-26 22:47:56',NULL,65,NULL),(220,1,18,NULL,'2020-01-26 22:47:56','2020-01-26 22:47:56',NULL,65,NULL),(221,1,19,NULL,'2020-01-26 22:47:56','2020-01-26 22:47:56',NULL,65,NULL),(222,1,20,NULL,'2020-01-26 22:47:56','2020-01-26 22:47:56',NULL,65,NULL),(223,1,21,NULL,'2020-01-26 22:47:56','2020-01-26 22:47:56',NULL,65,NULL),(224,1,22,NULL,'2020-01-26 22:47:56','2020-01-26 22:47:56',NULL,65,NULL),(225,1,23,NULL,'2020-01-26 22:47:56','2020-01-26 22:47:56',NULL,65,NULL),(226,1,24,NULL,'2020-01-26 22:47:56','2020-01-26 22:47:56',NULL,65,NULL),(227,1,25,NULL,'2020-01-26 22:47:56','2020-01-26 22:47:56',NULL,65,NULL),(228,1,26,NULL,'2020-01-26 22:47:56','2020-01-26 22:47:56',NULL,65,NULL),(229,2,27,NULL,'2020-01-26 22:47:56','2020-01-26 22:47:56','229.png',65,NULL),(230,2,28,NULL,'2020-01-26 22:47:57','2020-01-26 22:47:57','230.png',65,NULL),(231,2,29,NULL,'2020-01-26 22:47:57',NULL,'231.png',65,NULL),(232,2,30,NULL,'2020-01-26 22:47:58',NULL,'232.png',65,NULL),(233,2,31,NULL,'2020-01-26 22:47:58','2020-01-26 22:47:58','233.png',65,NULL),(234,2,32,NULL,'2020-01-26 22:47:59',NULL,'234.png',65,NULL),(235,2,33,NULL,'2020-01-26 22:47:59','2020-01-26 22:47:59','235.png',65,NULL),(236,1,34,NULL,'2020-01-26 22:48:00','2020-01-26 22:48:00',NULL,65,NULL),(237,1,7,NULL,'2020-01-26 23:15:39','2020-01-26 23:15:40',NULL,66,NULL),(238,1,8,NULL,'2020-01-26 23:15:40','2020-01-26 23:15:40',NULL,66,NULL),(239,1,9,NULL,'2020-01-26 23:15:40','2020-01-26 23:15:40',NULL,66,NULL),(240,2,10,NULL,'2020-01-26 23:15:40','2020-01-26 23:15:40','240.png',66,NULL),(241,1,11,NULL,'2020-01-26 23:15:41','2020-01-26 23:15:41',NULL,66,NULL),(242,1,12,NULL,'2020-01-26 23:15:41','2020-01-26 23:15:41',NULL,66,NULL),(243,1,13,NULL,'2020-01-26 23:15:41','2020-01-26 23:15:41',NULL,66,NULL),(244,1,14,NULL,'2020-01-26 23:15:41','2020-01-26 23:15:41',NULL,66,NULL),(245,1,15,NULL,'2020-01-26 23:15:41','2020-01-26 23:15:41',NULL,66,NULL),(246,1,16,NULL,'2020-01-26 23:15:41','2020-01-26 23:15:41',NULL,66,NULL),(247,1,17,NULL,'2020-01-26 23:15:41','2020-01-26 23:15:41',NULL,66,NULL),(248,1,18,NULL,'2020-01-26 23:15:41','2020-01-26 23:15:41',NULL,66,NULL),(249,1,19,NULL,'2020-01-26 23:15:41','2020-01-26 23:15:41',NULL,66,NULL),(250,1,20,NULL,'2020-01-26 23:15:41','2020-01-26 23:15:41',NULL,66,NULL),(251,1,21,NULL,'2020-01-26 23:15:41','2020-01-26 23:15:41',NULL,66,NULL),(252,1,22,NULL,'2020-01-26 23:15:41','2020-01-26 23:15:41',NULL,66,NULL),(253,1,23,NULL,'2020-01-26 23:15:41','2020-01-26 23:15:41',NULL,66,NULL),(254,1,24,NULL,'2020-01-26 23:15:41','2020-01-26 23:15:41',NULL,66,NULL),(255,1,25,NULL,'2020-01-26 23:15:41','2020-01-26 23:15:42',NULL,66,NULL),(256,1,26,NULL,'2020-01-26 23:15:42','2020-01-26 23:15:42',NULL,66,NULL),(257,2,27,NULL,'2020-01-26 23:15:42','2020-01-26 23:15:42','257.png',66,NULL),(258,2,28,NULL,'2020-01-26 23:15:42','2020-01-26 23:15:42','258.png',66,NULL),(259,2,29,NULL,'2020-01-26 23:15:43',NULL,'259.png',66,NULL),(260,2,30,NULL,'2020-01-26 23:15:44',NULL,'260.png',66,NULL),(261,2,31,NULL,'2020-01-26 23:15:44','2020-01-26 23:15:45','261.png',66,NULL),(262,2,32,NULL,'2020-01-26 23:15:45',NULL,'262.png',66,NULL),(263,2,33,NULL,'2020-01-26 23:15:46','2020-01-26 23:15:46','263.png',66,NULL),(264,1,34,NULL,'2020-01-26 23:15:47','2020-01-26 23:15:47',NULL,66,NULL),(265,1,7,NULL,'2020-01-26 23:36:12','2020-01-26 23:36:14',NULL,67,NULL),(266,1,8,NULL,'2020-01-26 23:36:14','2020-01-26 23:36:14',NULL,67,NULL),(267,1,9,NULL,'2020-01-26 23:36:14','2020-01-26 23:36:14',NULL,67,NULL),(268,2,10,NULL,'2020-01-26 23:36:14','2020-01-26 23:36:14','268.png',67,NULL),(269,1,11,NULL,'2020-01-26 23:36:14','2020-01-26 23:36:14',NULL,67,NULL),(270,1,12,NULL,'2020-01-26 23:36:14','2020-01-26 23:36:15',NULL,67,NULL),(271,1,13,NULL,'2020-01-26 23:36:15','2020-01-26 23:36:15',NULL,67,NULL),(272,1,14,NULL,'2020-01-26 23:36:15','2020-01-26 23:36:15',NULL,67,NULL),(273,1,15,NULL,'2020-01-26 23:36:15','2020-01-26 23:36:15',NULL,67,NULL),(274,1,16,NULL,'2020-01-26 23:36:15','2020-01-26 23:36:15',NULL,67,NULL),(275,1,17,NULL,'2020-01-26 23:36:15','2020-01-26 23:36:15',NULL,67,NULL),(276,1,18,NULL,'2020-01-26 23:36:15','2020-01-26 23:36:15',NULL,67,NULL),(277,1,19,NULL,'2020-01-26 23:36:15','2020-01-26 23:36:15',NULL,67,NULL),(278,1,20,NULL,'2020-01-26 23:36:15','2020-01-26 23:36:15',NULL,67,NULL),(279,1,21,NULL,'2020-01-26 23:36:15','2020-01-26 23:36:15',NULL,67,NULL),(280,1,22,NULL,'2020-01-26 23:36:15','2020-01-26 23:36:15',NULL,67,NULL),(281,1,23,NULL,'2020-01-26 23:36:15','2020-01-26 23:36:15',NULL,67,NULL),(282,1,24,NULL,'2020-01-26 23:36:15','2020-01-26 23:36:15',NULL,67,NULL),(283,1,25,NULL,'2020-01-26 23:36:15','2020-01-26 23:36:15',NULL,67,NULL),(284,1,26,NULL,'2020-01-26 23:36:15','2020-01-26 23:36:15',NULL,67,NULL),(285,2,27,NULL,'2020-01-26 23:36:15','2020-01-26 23:36:15','285.png',67,NULL),(286,2,28,NULL,'2020-01-26 23:36:16','2020-01-26 23:36:16','286.png',67,NULL),(287,2,29,NULL,'2020-01-26 23:36:16',NULL,'287.png',67,NULL),(288,2,30,NULL,'2020-01-26 23:36:17',NULL,'288.png',67,NULL),(289,2,31,NULL,'2020-01-26 23:36:18','2020-01-26 23:36:18','289.png',67,NULL),(290,2,32,NULL,'2020-01-26 23:36:18',NULL,'290.png',67,NULL),(291,2,33,NULL,'2020-01-26 23:36:19','2020-01-26 23:36:19','291.png',67,NULL),(292,1,34,NULL,'2020-01-26 23:36:19','2020-01-26 23:36:19',NULL,67,NULL),(293,1,7,NULL,'2020-01-26 23:42:16','2020-01-26 23:42:32',NULL,68,NULL),(294,1,8,NULL,'2020-01-26 23:42:32','2020-01-26 23:42:32',NULL,68,NULL),(295,1,9,NULL,'2020-01-26 23:42:32','2020-01-26 23:42:32',NULL,68,NULL),(296,2,10,NULL,'2020-01-26 23:42:32','2020-01-26 23:42:32','296.png',68,NULL),(297,1,11,NULL,'2020-01-26 23:42:33','2020-01-26 23:42:33',NULL,68,NULL),(298,1,12,NULL,'2020-01-26 23:42:33','2020-01-26 23:42:33',NULL,68,NULL),(299,1,13,NULL,'2020-01-26 23:42:33','2020-01-26 23:42:33',NULL,68,NULL),(300,1,14,NULL,'2020-01-26 23:42:33','2020-01-26 23:42:33',NULL,68,NULL),(301,1,15,NULL,'2020-01-26 23:42:33','2020-01-26 23:42:33',NULL,68,NULL),(302,1,16,NULL,'2020-01-26 23:42:33','2020-01-26 23:42:33',NULL,68,NULL),(303,1,17,NULL,'2020-01-26 23:42:33','2020-01-26 23:42:33',NULL,68,NULL),(304,1,18,NULL,'2020-01-26 23:42:33','2020-01-26 23:42:33',NULL,68,NULL),(305,1,19,NULL,'2020-01-26 23:42:33','2020-01-26 23:42:33',NULL,68,NULL),(306,1,20,NULL,'2020-01-26 23:42:33','2020-01-26 23:42:33',NULL,68,NULL),(307,1,21,NULL,'2020-01-26 23:42:33','2020-01-26 23:42:34',NULL,68,NULL),(308,1,22,NULL,'2020-01-26 23:42:34','2020-01-26 23:42:34',NULL,68,NULL),(309,1,23,NULL,'2020-01-26 23:42:34','2020-01-26 23:42:34',NULL,68,NULL),(310,1,24,NULL,'2020-01-26 23:42:34','2020-01-26 23:42:34',NULL,68,NULL),(311,1,25,NULL,'2020-01-26 23:42:34','2020-01-26 23:42:34',NULL,68,NULL),(312,1,26,NULL,'2020-01-26 23:42:34','2020-01-26 23:42:34',NULL,68,NULL),(313,2,27,NULL,'2020-01-26 23:42:34','2020-01-26 23:43:49','313.png',68,NULL),(314,2,28,NULL,'2020-01-26 23:43:50','2020-01-26 23:44:05','314.png',68,NULL),(315,2,29,NULL,'2020-01-26 23:44:06',NULL,'315.png',68,NULL),(316,2,30,NULL,'2020-01-26 23:44:06',NULL,'316.png',68,NULL),(317,2,31,NULL,'2020-01-26 23:44:07','2020-01-26 23:44:07','317.png',68,NULL),(318,2,32,NULL,'2020-01-26 23:44:07',NULL,'318.png',68,NULL),(319,2,33,NULL,'2020-01-26 23:44:08','2020-01-26 23:44:08','319.png',68,NULL),(320,1,34,NULL,'2020-01-26 23:44:08','2020-01-26 23:44:08',NULL,68,NULL),(321,1,7,NULL,'2020-01-26 23:45:53','2020-01-26 23:45:53',NULL,69,NULL),(322,1,8,NULL,'2020-01-26 23:45:53','2020-01-26 23:46:02',NULL,69,NULL),(323,1,9,NULL,'2020-01-26 23:46:02','2020-01-26 23:46:03',NULL,69,NULL),(324,1,10,NULL,'2020-01-26 23:46:03','2020-01-26 23:46:13',NULL,69,NULL),(325,1,11,NULL,'2020-01-26 23:46:13','2020-01-26 23:46:13',NULL,69,NULL),(326,1,12,NULL,'2020-01-26 23:46:13','2020-01-26 23:46:13',NULL,69,NULL),(327,1,13,NULL,'2020-01-26 23:46:13','2020-01-26 23:46:13',NULL,69,NULL),(328,1,14,NULL,'2020-01-26 23:46:13','2020-01-26 23:46:13',NULL,69,NULL),(329,1,15,NULL,'2020-01-26 23:46:13','2020-01-26 23:46:13',NULL,69,NULL),(330,1,16,NULL,'2020-01-26 23:46:13','2020-01-26 23:46:13',NULL,69,NULL),(331,1,17,NULL,'2020-01-26 23:46:13','2020-01-26 23:46:20',NULL,69,NULL),(332,1,18,NULL,'2020-01-26 23:46:20','2020-01-26 23:46:20',NULL,69,NULL),(333,1,19,NULL,'2020-01-26 23:46:20','2020-01-26 23:46:20',NULL,69,NULL),(334,1,20,NULL,'2020-01-26 23:46:20','2020-01-26 23:46:20',NULL,69,NULL),(335,1,21,NULL,'2020-01-26 23:46:20','2020-01-26 23:46:20',NULL,69,NULL),(336,1,22,NULL,'2020-01-26 23:46:20','2020-01-26 23:46:20',NULL,69,NULL),(337,1,23,NULL,'2020-01-26 23:46:20','2020-01-26 23:46:20',NULL,69,NULL),(338,1,24,NULL,'2020-01-26 23:46:20','2020-01-26 23:46:20',NULL,69,NULL),(339,1,25,NULL,'2020-01-26 23:46:20','2020-01-26 23:46:20',NULL,69,NULL),(340,1,26,NULL,'2020-01-26 23:46:20','2020-01-26 23:46:20',NULL,69,NULL),(341,2,27,NULL,'2020-01-26 23:46:20','2020-01-26 23:46:20','341.png',69,NULL),(342,2,28,NULL,'2020-01-26 23:46:21','2020-01-26 23:46:23','342.png',69,NULL),(343,1,29,NULL,'2020-01-26 23:46:23','2020-01-26 23:46:23',NULL,69,NULL),(344,1,30,NULL,'2020-01-26 23:46:23','2020-01-26 23:46:23',NULL,69,NULL),(345,2,31,NULL,'2020-01-26 23:46:23','2020-01-26 23:48:15','345.png',69,NULL),(346,1,32,NULL,'2020-01-26 23:48:16','2020-01-26 23:48:16',NULL,69,NULL),(347,1,33,NULL,'2020-01-26 23:48:16','2020-01-26 23:48:16',NULL,69,NULL),(348,1,34,NULL,'2020-01-26 23:48:16','2020-01-26 23:48:16',NULL,69,NULL),(349,1,7,NULL,'2020-01-26 23:49:54','2020-01-26 23:50:04',NULL,70,NULL),(350,1,8,NULL,'2020-01-26 23:50:04','2020-01-26 23:50:10',NULL,70,NULL),(351,1,9,NULL,'2020-01-26 23:50:42','2020-01-26 23:50:42',NULL,70,NULL),(352,1,10,NULL,'2020-01-26 23:50:48','2020-01-26 23:50:57',NULL,70,NULL),(353,1,11,NULL,'2020-01-26 23:51:23','2020-01-26 23:51:23',NULL,70,NULL),(354,1,12,NULL,'2020-01-26 23:51:28','2020-01-26 23:51:28',NULL,70,NULL),(355,1,13,NULL,'2020-01-26 23:51:33','2020-01-26 23:51:33',NULL,70,NULL),(356,1,14,NULL,'2020-01-26 23:52:23','2020-01-26 23:52:23',NULL,70,NULL),(357,1,15,NULL,'2020-01-26 23:52:41','2020-01-26 23:53:17',NULL,70,NULL),(358,1,16,NULL,'2020-01-26 23:53:25','2020-01-26 23:53:26',NULL,70,NULL),(359,1,17,NULL,'2020-01-26 23:53:28','2020-01-26 23:54:06',NULL,70,NULL),(360,1,18,NULL,'2020-01-26 23:54:11','2020-01-26 23:54:11',NULL,70,NULL),(361,1,19,NULL,'2020-01-26 23:54:13','2020-01-26 23:54:13',NULL,70,NULL),(362,1,20,NULL,'2020-01-26 23:54:15','2020-01-26 23:54:15',NULL,70,NULL),(363,1,21,NULL,'2020-01-26 23:54:33','2020-01-26 23:55:11',NULL,70,NULL),(364,1,22,NULL,'2020-01-26 23:55:20','2020-01-26 23:55:20',NULL,70,NULL),(365,1,23,NULL,'2020-01-26 23:55:45','2020-01-26 23:55:45',NULL,70,NULL),(366,1,24,NULL,'2020-01-26 23:55:49','2020-01-26 23:55:49',NULL,70,NULL),(367,1,25,NULL,'2020-01-26 23:55:50','2020-01-26 23:55:50',NULL,70,NULL),(368,1,26,NULL,'2020-01-26 23:55:51','2020-01-26 23:55:52',NULL,70,NULL),(369,2,27,NULL,'2020-01-26 23:55:52','2020-01-26 23:56:00','369.png',70,NULL),(370,2,28,NULL,'2020-01-26 23:56:03','2020-01-26 23:56:10','370.png',70,NULL),(371,1,29,NULL,'2020-01-26 23:56:35','2020-01-26 23:56:35',NULL,70,NULL),(372,1,30,NULL,'2020-01-26 23:56:35','2020-01-26 23:56:35',NULL,70,NULL),(373,2,31,NULL,'2020-01-26 23:56:37','2020-01-26 23:57:18','373.png',70,NULL),(374,1,32,NULL,'2020-01-26 23:57:33','2020-01-26 23:57:33',NULL,70,NULL),(375,1,33,NULL,'2020-01-26 23:57:33','2020-01-26 23:57:33',NULL,70,NULL),(376,1,34,NULL,'2020-01-26 23:57:34','2020-01-26 23:57:34',NULL,70,NULL),(377,1,7,NULL,'2020-01-27 00:07:05','2020-01-27 00:08:48',NULL,71,NULL),(378,1,8,NULL,'2020-01-27 00:08:48','2020-01-27 00:08:56',NULL,71,NULL),(379,1,9,NULL,'2020-01-27 00:09:21','2020-01-27 00:09:21',NULL,71,NULL),(380,2,10,NULL,'2020-01-27 00:09:30','2020-01-27 00:09:43','380.png',71,NULL),(381,1,11,NULL,'2020-01-27 00:09:52','2020-01-27 00:09:52',NULL,71,NULL),(382,1,12,NULL,'2020-01-27 00:09:56','2020-01-27 00:09:56',NULL,71,NULL),(383,1,13,NULL,'2020-01-27 00:09:58','2020-01-27 00:09:58',NULL,71,NULL),(384,1,14,NULL,'2020-01-27 00:10:07','2020-01-27 00:10:12',NULL,71,NULL),(385,1,15,NULL,'2020-01-27 00:10:16','2020-01-27 00:10:20',NULL,71,NULL),(386,1,16,NULL,'2020-01-27 00:10:27','2020-01-27 00:10:27',NULL,71,NULL),(387,1,17,NULL,'2020-01-27 00:10:28','2020-01-27 00:10:30',NULL,71,NULL),(388,1,18,NULL,'2020-01-27 00:10:36','2020-01-27 00:10:37',NULL,71,NULL),(389,1,19,NULL,'2020-01-27 00:10:39','2020-01-27 00:10:39',NULL,71,NULL),(390,1,20,NULL,'2020-01-27 00:10:40','2020-01-27 00:10:40',NULL,71,NULL),(391,1,21,NULL,'2020-01-27 00:10:42','2020-01-27 00:10:50',NULL,71,NULL),(392,1,22,NULL,'2020-01-27 00:11:48','2020-01-27 00:11:48',NULL,71,NULL),(393,1,23,NULL,'2020-01-27 00:15:42','2020-01-27 00:16:10',NULL,71,NULL),(394,1,24,NULL,'2020-01-27 00:16:45','2020-01-27 00:16:45',NULL,71,NULL),(395,1,25,NULL,'2020-01-27 00:16:46','2020-01-27 00:16:46',NULL,71,NULL),(396,1,26,NULL,'2020-01-27 00:16:46','2020-01-27 00:16:46',NULL,71,NULL),(397,2,27,NULL,'2020-01-27 00:16:46','2020-01-27 00:16:46','397.png',71,NULL),(398,2,28,NULL,'2020-01-27 00:16:47','2020-01-27 00:16:49','398.png',71,NULL),(399,2,29,NULL,'2020-01-27 00:16:50',NULL,'399.png',71,NULL),(400,2,30,NULL,'2020-01-27 00:16:51',NULL,'400.png',71,NULL),(401,2,31,NULL,'2020-01-27 00:16:52','2020-01-27 00:16:53','401.png',71,NULL),(402,2,32,NULL,'2020-01-27 00:16:55',NULL,'402.png',71,NULL),(403,2,33,NULL,'2020-01-27 00:16:56','2020-01-27 00:16:56','403.png',71,NULL),(404,1,34,NULL,'2020-01-27 00:16:57','2020-01-27 00:16:57',NULL,71,NULL),(405,1,7,NULL,'2020-01-27 00:36:52','2020-01-27 00:36:53',NULL,72,NULL),(406,1,8,NULL,'2020-01-27 00:36:53','2020-01-27 00:36:53',NULL,72,NULL),(407,1,9,NULL,'2020-01-27 00:36:53','2020-01-27 00:36:53',NULL,72,NULL),(408,2,10,NULL,'2020-01-27 00:36:53','2020-01-27 00:36:53','408.png',72,NULL),(409,1,11,NULL,'2020-01-27 00:36:54','2020-01-27 00:36:54',NULL,72,NULL),(410,1,12,NULL,'2020-01-27 00:36:54','2020-01-27 00:36:54',NULL,72,NULL),(411,1,13,NULL,'2020-01-27 00:36:54','2020-01-27 00:36:54',NULL,72,NULL),(412,1,14,NULL,'2020-01-27 00:36:54','2020-01-27 00:36:54',NULL,72,NULL),(413,1,15,NULL,'2020-01-27 00:36:54','2020-01-27 00:36:54',NULL,72,NULL),(414,1,16,NULL,'2020-01-27 00:36:54','2020-01-27 00:36:54',NULL,72,NULL),(415,1,17,NULL,'2020-01-27 00:36:54','2020-01-27 00:36:54',NULL,72,NULL),(416,1,18,NULL,'2020-01-27 00:36:54','2020-01-27 00:36:54',NULL,72,NULL),(417,1,19,NULL,'2020-01-27 00:36:54','2020-01-27 00:36:54',NULL,72,NULL),(418,1,35,NULL,'2020-01-27 00:36:54','2020-01-27 00:36:54',NULL,72,NULL),(419,1,20,NULL,'2020-01-27 00:36:54','2020-01-27 00:36:54',NULL,72,NULL),(420,1,21,NULL,'2020-01-27 00:36:54','2020-01-27 00:36:54',NULL,72,NULL),(421,1,22,NULL,'2020-01-27 00:36:54','2020-01-27 00:36:54',NULL,72,NULL),(422,2,23,NULL,'2020-01-27 00:36:54','2020-01-27 00:36:54','422.png',72,NULL),(423,1,24,NULL,'2020-01-27 00:36:55','2020-01-27 00:36:55',NULL,72,NULL),(424,1,25,NULL,'2020-01-27 00:36:55','2020-01-27 00:36:55',NULL,72,NULL),(425,1,26,NULL,'2020-01-27 00:36:55','2020-01-27 00:36:55',NULL,72,NULL),(426,2,27,NULL,'2020-01-27 00:36:55','2020-01-27 00:36:55','426.png',72,NULL),(427,2,28,NULL,'2020-01-27 00:36:56','2020-01-27 00:36:56','427.png',72,NULL),(428,2,29,NULL,'2020-01-27 00:36:56',NULL,'428.png',72,NULL),(429,2,30,NULL,'2020-01-27 00:36:57',NULL,'429.png',72,NULL),(430,2,31,NULL,'2020-01-27 00:36:58','2020-01-27 00:36:58','430.png',72,NULL),(431,2,32,NULL,'2020-01-27 00:36:58',NULL,'431.png',72,NULL),(432,2,33,NULL,'2020-01-27 00:36:59','2020-01-27 00:36:59','432.png',72,NULL),(433,1,34,NULL,'2020-01-27 00:36:59','2020-01-27 00:36:59',NULL,72,NULL),(434,1,7,NULL,'2020-01-27 00:38:57','2020-01-27 00:38:58',NULL,73,NULL),(435,1,8,NULL,'2020-01-27 00:38:58','2020-01-27 00:38:58',NULL,73,NULL),(436,1,9,NULL,'2020-01-27 00:38:58','2020-01-27 00:38:58',NULL,73,NULL),(437,2,10,NULL,'2020-01-27 00:38:58','2020-01-27 00:38:58','437.png',73,NULL),(438,1,11,NULL,'2020-01-27 00:38:59','2020-01-27 00:38:59',NULL,73,NULL),(439,1,12,NULL,'2020-01-27 00:38:59','2020-01-27 00:38:59',NULL,73,NULL),(440,1,13,NULL,'2020-01-27 00:38:59','2020-01-27 00:38:59',NULL,73,NULL),(441,1,14,NULL,'2020-01-27 00:38:59','2020-01-27 00:38:59',NULL,73,NULL),(442,1,15,NULL,'2020-01-27 00:38:59','2020-01-27 00:38:59',NULL,73,NULL),(443,1,16,NULL,'2020-01-27 00:38:59','2020-01-27 00:38:59',NULL,73,NULL),(444,1,17,NULL,'2020-01-27 00:38:59','2020-01-27 00:38:59',NULL,73,NULL),(445,1,18,NULL,'2020-01-27 00:38:59','2020-01-27 00:38:59',NULL,73,NULL),(446,1,19,NULL,'2020-01-27 00:38:59','2020-01-27 00:39:00',NULL,73,NULL),(447,1,35,NULL,'2020-01-27 00:39:00','2020-01-27 00:39:00',NULL,73,NULL),(448,1,20,NULL,'2020-01-27 00:39:00','2020-01-27 00:39:00',NULL,73,NULL),(449,1,21,NULL,'2020-01-27 00:39:00','2020-01-27 00:39:00',NULL,73,NULL),(450,1,22,NULL,'2020-01-27 00:39:00','2020-01-27 00:39:00',NULL,73,NULL),(451,2,23,NULL,'2020-01-27 00:39:00','2020-01-27 00:39:00','451.png',73,NULL),(452,1,24,NULL,'2020-01-27 00:39:01','2020-01-27 00:39:02',NULL,73,NULL),(453,1,25,NULL,'2020-01-27 00:39:02','2020-01-27 00:39:02',NULL,73,NULL),(454,1,26,NULL,'2020-01-27 00:39:02','2020-01-27 00:39:02',NULL,73,NULL),(455,2,27,NULL,'2020-01-27 00:39:02','2020-01-27 00:39:02','455.png',73,NULL),(456,2,28,NULL,'2020-01-27 00:39:03','2020-01-27 00:39:03','456.png',73,NULL),(457,2,29,NULL,'2020-01-27 00:39:04',NULL,'457.png',73,NULL),(458,2,30,NULL,'2020-01-27 00:39:04',NULL,'458.png',73,NULL),(459,2,31,NULL,'2020-01-27 00:39:05','2020-01-27 00:39:05','459.png',73,NULL),(460,2,32,NULL,'2020-01-27 00:39:06',NULL,'460.png',73,NULL),(461,2,33,NULL,'2020-01-27 00:39:07','2020-01-27 00:39:07','461.png',73,NULL),(462,1,34,NULL,'2020-01-27 00:39:07','2020-01-27 00:39:07',NULL,73,NULL),(463,1,7,NULL,'2020-01-27 00:39:42','2020-01-27 00:39:42',NULL,74,NULL),(464,1,8,NULL,'2020-01-27 00:39:42','2020-01-27 00:39:42',NULL,74,NULL),(465,1,9,NULL,'2020-01-27 00:39:42','2020-01-27 00:39:42',NULL,74,NULL),(466,2,10,NULL,'2020-01-27 00:39:42','2020-01-27 00:39:43','466.png',74,NULL),(467,1,11,NULL,'2020-01-27 00:39:43','2020-01-27 00:39:43',NULL,74,NULL),(468,1,12,NULL,'2020-01-27 00:39:43','2020-01-27 00:39:43',NULL,74,NULL),(469,1,13,NULL,'2020-01-27 00:39:43','2020-01-27 00:39:44',NULL,74,NULL),(470,1,14,NULL,'2020-01-27 00:39:44','2020-01-27 00:39:44',NULL,74,NULL),(471,1,15,NULL,'2020-01-27 00:39:44','2020-01-27 00:39:44',NULL,74,NULL),(472,1,16,NULL,'2020-01-27 00:39:44','2020-01-27 00:39:44',NULL,74,NULL),(473,1,17,NULL,'2020-01-27 00:39:44','2020-01-27 00:39:44',NULL,74,NULL),(474,1,18,NULL,'2020-01-27 00:39:44','2020-01-27 00:39:44',NULL,74,NULL),(475,1,19,NULL,'2020-01-27 00:39:44','2020-01-27 00:39:44',NULL,74,NULL),(476,1,35,NULL,'2020-01-27 00:39:44','2020-01-27 00:39:44',NULL,74,NULL),(477,1,20,NULL,'2020-01-27 00:39:44','2020-01-27 00:39:44',NULL,74,NULL),(478,1,21,NULL,'2020-01-27 00:39:44','2020-01-27 00:39:44',NULL,74,NULL),(479,1,22,NULL,'2020-01-27 00:39:44','2020-01-27 00:39:44',NULL,74,NULL),(480,2,23,NULL,'2020-01-27 00:39:44','2020-01-27 00:39:44','480.png',74,NULL),(481,1,24,NULL,'2020-01-27 00:39:45','2020-01-27 00:39:45',NULL,74,NULL),(482,1,25,NULL,'2020-01-27 00:39:45','2020-01-27 00:39:45',NULL,74,NULL),(483,1,26,NULL,'2020-01-27 00:39:45','2020-01-27 00:39:45',NULL,74,NULL),(484,2,27,NULL,'2020-01-27 00:39:45','2020-01-27 00:39:45','484.png',74,NULL),(485,2,28,NULL,'2020-01-27 00:39:46','2020-01-27 00:39:46','485.png',74,NULL),(486,2,29,NULL,'2020-01-27 00:39:46',NULL,'486.png',74,NULL),(487,2,30,NULL,'2020-01-27 00:39:47',NULL,'487.png',74,NULL),(488,2,31,NULL,'2020-01-27 00:39:48','2020-01-27 00:39:48','488.png',74,NULL),(489,2,32,NULL,'2020-01-27 00:39:48',NULL,'489.png',74,NULL),(490,2,33,NULL,'2020-01-27 00:39:49','2020-01-27 00:39:49','490.png',74,NULL),(491,1,34,NULL,'2020-01-27 00:39:50','2020-01-27 00:39:50',NULL,74,NULL),(492,1,7,NULL,'2020-01-27 00:43:42','2020-01-27 00:43:56',NULL,75,NULL),(493,1,8,NULL,'2020-01-27 00:43:56','2020-01-27 00:44:02',NULL,75,NULL),(494,1,9,NULL,'2020-01-27 00:44:32','2020-01-27 00:44:32',NULL,75,NULL),(495,1,10,NULL,'2020-01-27 00:44:47','2020-01-27 00:45:16',NULL,75,NULL),(496,1,11,NULL,'2020-01-27 00:45:30','2020-01-27 00:45:30',NULL,75,NULL),(497,1,12,NULL,'2020-01-27 00:45:32','2020-01-27 00:45:33',NULL,75,NULL),(498,1,13,NULL,'2020-01-27 00:45:35','2020-01-27 00:45:35',NULL,75,NULL),(499,1,14,NULL,'2020-01-27 00:45:38','2020-01-27 00:45:40',NULL,75,NULL),(500,1,15,NULL,'2020-01-27 00:45:45','2020-01-27 00:45:47',NULL,75,NULL),(501,1,16,NULL,'2020-01-27 00:46:21','2020-01-27 00:46:22',NULL,75,NULL),(502,1,17,NULL,'2020-01-27 00:47:13','2020-01-27 00:47:41',NULL,75,NULL),(503,1,18,NULL,'2020-01-27 00:48:21','2020-01-27 00:48:21',NULL,75,NULL),(504,1,19,NULL,'2020-01-27 00:48:53','2020-01-27 00:48:53',NULL,75,NULL),(505,1,35,NULL,'2020-01-27 00:49:37','2020-01-27 00:50:05',NULL,75,NULL),(506,1,20,NULL,'2020-01-27 00:50:30','2020-01-27 00:50:30',NULL,75,NULL),(507,1,21,NULL,'2020-01-27 00:50:54','2020-01-27 00:51:08',NULL,75,NULL),(508,1,22,NULL,'2020-01-27 00:51:37','2020-01-27 00:51:38',NULL,75,NULL),(509,2,23,NULL,'2020-01-27 00:52:23','2020-01-27 00:53:00','509.png',75,NULL),(510,1,24,NULL,'2020-01-27 00:53:05','2020-01-27 00:53:05',NULL,75,NULL),(511,1,25,NULL,'2020-01-27 00:53:06','2020-01-27 00:53:06',NULL,75,NULL),(512,1,26,NULL,'2020-01-27 00:53:06','2020-01-27 00:53:06',NULL,75,NULL),(513,2,27,NULL,'2020-01-27 00:53:06','2020-01-27 00:53:07','513.png',75,NULL),(514,2,28,NULL,'2020-01-27 00:53:07','2020-01-27 00:53:10','514.png',75,NULL),(515,1,29,NULL,'2020-01-27 00:53:12','2020-01-27 00:53:12',NULL,75,NULL),(516,1,30,NULL,'2020-01-27 00:53:12','2020-01-27 00:53:12',NULL,75,NULL),(517,2,31,NULL,'2020-01-27 00:53:13','2020-01-27 00:53:14','517.png',75,NULL),(518,1,32,NULL,'2020-01-27 00:53:16','2020-01-27 00:53:16',NULL,75,NULL),(519,1,33,NULL,'2020-01-27 00:53:16','2020-01-27 00:53:16',NULL,75,NULL),(520,1,34,NULL,'2020-01-27 00:53:16','2020-01-27 00:53:16',NULL,75,NULL),(521,1,7,NULL,'2020-01-27 00:55:09','2020-01-27 00:55:10',NULL,76,NULL),(522,1,8,NULL,'2020-01-27 00:55:10','2020-01-27 00:55:10',NULL,76,NULL),(523,1,9,NULL,'2020-01-27 00:55:10','2020-01-27 00:55:10',NULL,76,NULL),(524,2,10,NULL,'2020-01-27 00:55:10','2020-01-27 00:55:10','524.png',76,NULL),(525,1,11,NULL,'2020-01-27 00:55:11','2020-01-27 00:55:11',NULL,76,NULL),(526,1,12,NULL,'2020-01-27 00:55:11','2020-01-27 00:55:11',NULL,76,NULL),(527,1,13,NULL,'2020-01-27 00:55:11','2020-01-27 00:55:11',NULL,76,NULL),(528,1,14,NULL,'2020-01-27 00:55:11','2020-01-27 00:55:11',NULL,76,NULL),(529,1,15,NULL,'2020-01-27 00:55:11','2020-01-27 00:55:11',NULL,76,NULL),(530,1,16,NULL,'2020-01-27 00:55:11','2020-01-27 00:55:11',NULL,76,NULL),(531,1,17,NULL,'2020-01-27 00:55:11','2020-01-27 00:55:11',NULL,76,NULL),(532,1,18,NULL,'2020-01-27 00:55:11','2020-01-27 00:55:11',NULL,76,NULL),(533,1,19,NULL,'2020-01-27 00:55:11','2020-01-27 00:55:11',NULL,76,NULL),(534,1,35,NULL,'2020-01-27 00:55:11','2020-01-27 00:55:11',NULL,76,NULL),(535,1,20,NULL,'2020-01-27 00:55:11','2020-01-27 00:55:12',NULL,76,NULL),(536,1,21,NULL,'2020-01-27 00:55:12','2020-01-27 00:55:12',NULL,76,NULL),(537,1,22,NULL,'2020-01-27 00:55:12','2020-01-27 00:55:12',NULL,76,NULL),(538,1,23,NULL,'2020-01-27 00:55:12','2020-01-27 00:55:12',NULL,76,NULL),(539,1,24,NULL,'2020-01-27 00:55:12','2020-01-27 00:55:12',NULL,76,NULL),(540,1,25,NULL,'2020-01-27 00:55:12','2020-01-27 00:55:12',NULL,76,NULL),(541,1,26,NULL,'2020-01-27 00:55:12','2020-01-27 00:55:12',NULL,76,NULL),(542,2,27,NULL,'2020-01-27 00:55:12','2020-01-27 00:55:12','542.png',76,NULL),(543,2,28,NULL,'2020-01-27 00:55:12','2020-01-27 00:55:12','543.png',76,NULL),(544,2,29,NULL,'2020-01-27 00:55:13',NULL,'544.png',76,NULL),(545,2,30,NULL,'2020-01-27 00:55:14',NULL,'545.png',76,NULL),(546,2,31,NULL,'2020-01-27 00:55:14','2020-01-27 00:55:14','546.png',76,NULL),(547,2,32,NULL,'2020-01-27 00:55:15',NULL,'547.png',76,NULL),(548,2,33,NULL,'2020-01-27 00:55:15','2020-01-27 00:55:15','548.png',76,NULL),(549,1,34,NULL,'2020-01-27 00:55:16','2020-01-27 00:55:16',NULL,76,NULL),(550,1,7,NULL,'2020-01-27 00:57:05','2020-01-27 00:57:14',NULL,77,NULL),(551,1,8,NULL,'2020-01-27 00:57:14','2020-01-27 00:57:16',NULL,77,NULL),(552,1,9,NULL,'2020-01-27 00:57:22','2020-01-27 00:57:22',NULL,77,NULL),(553,2,10,NULL,'2020-01-27 00:57:22','2020-01-27 00:57:45','553.png',77,NULL),(554,1,11,NULL,'2020-01-27 00:57:46','2020-01-27 00:57:46',NULL,77,NULL),(555,1,12,NULL,'2020-01-27 00:57:46','2020-01-27 00:57:46',NULL,77,NULL),(556,1,13,NULL,'2020-01-27 00:57:46','2020-01-27 00:57:46',NULL,77,NULL),(557,1,14,NULL,'2020-01-27 00:57:46','2020-01-27 00:57:48',NULL,77,NULL),(558,1,15,NULL,'2020-01-27 00:57:48','2020-01-27 00:57:49',NULL,77,NULL),(559,1,16,NULL,'2020-01-27 00:57:49','2020-01-27 00:57:49',NULL,77,NULL),(560,1,17,NULL,'2020-01-27 00:57:49','2020-01-27 00:57:58',NULL,77,NULL),(561,1,18,NULL,'2020-01-27 00:57:58','2020-01-27 00:57:58',NULL,77,NULL),(562,1,19,NULL,'2020-01-27 00:57:58','2020-01-27 00:57:58',NULL,77,NULL),(563,1,35,NULL,'2020-01-27 00:57:58','2020-01-27 00:59:35',NULL,77,NULL),(564,1,20,NULL,'2020-01-27 00:59:35','2020-01-27 00:59:35',NULL,77,NULL),(565,1,21,NULL,'2020-01-27 00:59:35','2020-01-27 00:59:44',NULL,77,NULL),(566,1,22,NULL,'2020-01-27 00:59:44','2020-01-27 00:59:44',NULL,77,NULL),(567,1,23,NULL,'2020-01-27 00:59:44','2020-01-27 00:59:45',NULL,77,NULL),(568,1,24,NULL,'2020-01-27 00:59:45','2020-01-27 00:59:45',NULL,77,NULL),(569,1,25,NULL,'2020-01-27 00:59:45','2020-01-27 00:59:45',NULL,77,NULL),(570,2,26,NULL,'2020-01-27 00:59:45','2020-01-27 00:59:45','570.png',77,NULL),(571,2,27,NULL,'2020-01-27 00:59:46','2020-01-27 01:01:22','571.png',77,NULL),(572,2,28,NULL,'2020-01-27 01:01:22','2020-01-27 01:01:25','572.png',77,NULL),(573,2,29,NULL,'2020-01-27 01:01:25',NULL,'573.png',77,NULL),(574,2,30,NULL,'2020-01-27 01:01:26',NULL,'574.png',77,NULL),(575,2,31,NULL,'2020-01-27 01:01:26','2020-01-27 01:01:28','575.png',77,NULL),(576,2,32,NULL,'2020-01-27 01:01:28',NULL,'576.png',77,NULL),(577,2,33,NULL,'2020-01-27 01:01:28','2020-01-27 01:01:28','577.png',77,NULL),(578,1,34,NULL,'2020-01-27 01:01:29','2020-01-27 01:01:29',NULL,77,NULL),(579,1,7,NULL,'2020-01-27 10:56:41','2020-01-27 10:56:42',NULL,78,NULL),(580,1,8,NULL,'2020-01-27 10:56:42','2020-01-27 10:56:42',NULL,78,NULL),(581,1,9,NULL,'2020-01-27 10:56:42','2020-01-27 10:56:42',NULL,78,NULL),(582,2,10,NULL,'2020-01-27 10:56:42','2020-01-27 10:56:42','582.png',78,NULL),(583,1,11,NULL,'2020-01-27 10:56:44','2020-01-27 10:56:44',NULL,78,NULL),(584,1,12,NULL,'2020-01-27 10:56:44','2020-01-27 10:56:44',NULL,78,NULL),(585,1,13,NULL,'2020-01-27 10:56:44','2020-01-27 10:56:44',NULL,78,NULL),(586,1,14,NULL,'2020-01-27 10:56:44','2020-01-27 10:56:44',NULL,78,NULL),(587,1,15,NULL,'2020-01-27 10:56:44','2020-01-27 10:56:44',NULL,78,NULL),(588,1,16,NULL,'2020-01-27 10:56:44','2020-01-27 10:56:44',NULL,78,NULL),(589,1,17,NULL,'2020-01-27 10:56:44','2020-01-27 10:56:45',NULL,78,NULL),(590,1,18,NULL,'2020-01-27 10:56:45','2020-01-27 10:56:45',NULL,78,NULL),(591,1,19,NULL,'2020-01-27 10:56:45','2020-01-27 10:56:45',NULL,78,NULL),(592,1,35,NULL,'2020-01-27 10:56:45','2020-01-27 10:56:45',NULL,78,NULL),(593,1,20,NULL,'2020-01-27 10:56:45','2020-01-27 10:56:45',NULL,78,NULL),(594,1,21,NULL,'2020-01-27 10:56:45','2020-01-27 10:56:45',NULL,78,NULL),(595,1,22,NULL,'2020-01-27 10:56:45','2020-01-27 10:56:45',NULL,78,NULL),(596,1,23,NULL,'2020-01-27 10:56:45','2020-01-27 10:56:45',NULL,78,NULL),(597,1,24,NULL,'2020-01-27 10:56:45','2020-01-27 10:56:45',NULL,78,NULL),(598,1,25,NULL,'2020-01-27 10:56:45','2020-01-27 10:56:45',NULL,78,NULL),(599,1,26,NULL,'2020-01-27 10:56:45','2020-01-27 10:56:45',NULL,78,NULL),(600,2,27,NULL,'2020-01-27 10:56:45','2020-01-27 10:56:45','600.png',78,NULL),(601,2,28,NULL,'2020-01-27 10:56:46','2020-01-27 10:56:47','601.png',78,NULL),(602,2,29,NULL,'2020-01-27 10:56:47',NULL,'602.png',78,NULL),(603,2,30,NULL,'2020-01-27 10:56:48',NULL,'603.png',78,NULL),(604,2,31,NULL,'2020-01-27 10:56:49','2020-01-27 10:56:49','604.png',78,NULL),(605,2,32,NULL,'2020-01-27 10:56:50',NULL,'605.png',78,NULL),(606,2,33,NULL,'2020-01-27 10:56:51','2020-01-27 10:56:51','606.png',78,NULL),(607,1,34,NULL,'2020-01-27 10:56:52','2020-01-27 10:56:52',NULL,78,NULL),(608,1,7,NULL,'2020-01-27 10:58:25','2020-01-27 10:58:26',NULL,79,NULL),(609,1,8,NULL,'2020-01-27 10:58:26','2020-01-27 10:58:26',NULL,79,NULL),(610,1,9,NULL,'2020-01-27 10:58:26','2020-01-27 10:58:26',NULL,79,NULL),(611,2,10,NULL,'2020-01-27 10:58:26','2020-01-27 10:58:50','611.png',79,NULL),(612,1,11,NULL,'2020-01-27 10:59:54','2020-01-27 10:59:54',NULL,79,NULL),(613,1,12,NULL,'2020-01-27 10:59:54','2020-01-27 10:59:55',NULL,79,NULL),(614,1,13,NULL,'2020-01-27 10:59:55','2020-01-27 10:59:55',NULL,79,NULL),(615,2,14,NULL,'2020-01-27 10:59:55','2020-01-27 10:59:56','615.png',79,NULL),(616,1,15,NULL,'2020-01-27 10:59:57','2020-01-27 10:59:57',NULL,79,NULL),(617,1,16,NULL,'2020-01-27 10:59:57','2020-01-27 10:59:57',NULL,79,NULL),(618,1,17,NULL,'2020-01-27 10:59:57','2020-01-27 11:00:26',NULL,79,NULL),(619,1,18,NULL,'2020-01-27 11:00:26','2020-01-27 11:00:26',NULL,79,NULL),(620,1,19,NULL,'2020-01-27 11:00:26','2020-01-27 11:00:26',NULL,79,NULL),(621,1,35,NULL,'2020-01-27 11:00:26','2020-01-27 11:00:46',NULL,79,NULL),(622,1,20,NULL,'2020-01-27 11:00:46','2020-01-27 11:00:46',NULL,79,NULL),(623,1,21,NULL,'2020-01-27 11:00:46','2020-01-27 11:00:46',NULL,79,NULL),(624,1,22,NULL,'2020-01-27 11:00:46','2020-01-27 11:00:46',NULL,79,NULL),(625,1,23,NULL,'2020-01-27 11:00:46','2020-01-27 11:00:46',NULL,79,NULL),(626,1,24,NULL,'2020-01-27 11:00:46','2020-01-27 11:00:46',NULL,79,NULL),(627,1,25,NULL,'2020-01-27 11:00:46','2020-01-27 11:00:46',NULL,79,NULL),(628,2,26,NULL,'2020-01-27 11:00:46','2020-01-27 11:00:46','628.png',79,NULL),(629,2,27,NULL,'2020-01-27 11:00:47','2020-01-27 11:00:47','629.png',79,NULL),(630,2,28,NULL,'2020-01-27 11:00:48','2020-01-27 11:00:48','630.png',79,NULL),(631,2,29,NULL,'2020-01-27 11:00:49',NULL,'631.png',79,NULL),(632,2,30,NULL,'2020-01-27 11:00:49',NULL,'632.png',79,NULL),(633,2,31,NULL,'2020-01-27 11:00:50','2020-01-27 11:00:50','633.png',79,NULL),(634,2,32,NULL,'2020-01-27 11:00:51',NULL,'634.png',79,NULL),(635,2,33,NULL,'2020-01-27 11:00:52','2020-01-27 11:00:52','635.png',79,NULL),(636,1,34,NULL,'2020-01-27 11:00:53','2020-01-27 11:00:53',NULL,79,NULL),(637,1,7,NULL,'2020-01-27 12:47:48','2020-01-27 12:47:48',NULL,80,NULL),(638,1,8,NULL,'2020-01-27 12:47:48','2020-01-27 12:47:48',NULL,80,NULL),(639,1,9,NULL,'2020-01-27 12:47:48','2020-01-27 12:47:49',NULL,80,NULL),(640,2,10,NULL,'2020-01-27 12:47:49','2020-01-27 12:47:49','640.png',80,NULL),(641,1,11,NULL,'2020-01-27 12:47:49','2020-01-27 12:47:49',NULL,80,NULL),(642,1,12,NULL,'2020-01-27 12:47:49','2020-01-27 12:47:50',NULL,80,NULL),(643,1,13,NULL,'2020-01-27 12:47:50','2020-01-27 12:47:50',NULL,80,NULL),(644,1,14,NULL,'2020-01-27 12:47:50','2020-01-27 12:47:50',NULL,80,NULL),(645,1,15,NULL,'2020-01-27 12:47:50','2020-01-27 12:47:50',NULL,80,NULL),(646,1,16,NULL,'2020-01-27 12:47:50','2020-01-27 12:47:50',NULL,80,NULL),(647,1,17,NULL,'2020-01-27 12:47:50','2020-01-27 12:47:50',NULL,80,NULL),(648,1,18,NULL,'2020-01-27 12:47:50','2020-01-27 12:47:50',NULL,80,NULL),(649,1,19,NULL,'2020-01-27 12:47:50','2020-01-27 12:47:50',NULL,80,NULL),(650,1,35,NULL,'2020-01-27 12:47:50','2020-01-27 12:47:50',NULL,80,NULL),(651,1,20,NULL,'2020-01-27 12:47:50','2020-01-27 12:47:50',NULL,80,NULL),(652,1,21,NULL,'2020-01-27 12:48:05','2020-01-27 12:48:05',NULL,80,NULL),(653,1,22,NULL,'2020-01-27 12:48:05','2020-01-27 12:48:05',NULL,80,NULL),(654,1,23,NULL,'2020-01-27 12:48:20','2020-01-27 12:48:20',NULL,80,NULL),(655,1,24,NULL,'2020-01-27 12:48:20','2020-01-27 12:48:20',NULL,80,NULL),(656,1,25,NULL,'2020-01-27 12:48:35','2020-01-27 12:48:35',NULL,80,NULL),(657,1,26,NULL,'2020-01-27 12:48:50','2020-01-27 12:48:50',NULL,80,NULL),(658,2,27,NULL,'2020-01-27 12:49:05','2020-01-27 12:49:06','658.png',80,NULL),(659,2,28,NULL,'2020-01-27 12:49:06','2020-01-27 12:49:06','659.png',80,NULL),(660,2,29,NULL,'2020-01-27 12:49:07',NULL,'660.png',80,NULL),(661,2,30,NULL,'2020-01-27 12:49:22',NULL,'661.png',80,NULL),(662,1,7,NULL,'2020-01-27 12:49:42','2020-01-27 12:49:43',NULL,80,NULL),(663,1,8,NULL,'2020-01-27 12:49:43','2020-01-27 12:49:43',NULL,80,NULL),(664,1,9,NULL,'2020-01-27 12:49:43','2020-01-27 12:49:43',NULL,80,NULL),(665,1,10,NULL,'2020-01-27 12:49:58','2020-01-27 12:50:01',NULL,80,NULL),(666,1,11,NULL,'2020-01-27 12:50:01','2020-01-27 12:50:03',NULL,80,NULL),(667,1,12,NULL,'2020-01-27 12:50:18','2020-01-27 12:50:18',NULL,80,NULL),(668,1,13,NULL,'2020-01-27 12:50:33','2020-01-27 12:50:33',NULL,80,NULL),(669,1,14,NULL,'2020-01-27 12:50:48','2020-01-27 12:50:48',NULL,80,NULL),(670,1,15,NULL,'2020-01-27 12:50:48','2020-01-27 12:50:48',NULL,80,NULL),(671,1,16,NULL,'2020-01-27 12:50:48','2020-01-27 12:50:48',NULL,80,NULL),(672,1,17,NULL,'2020-01-27 12:51:03','2020-01-27 12:51:03',NULL,80,NULL),(673,1,18,NULL,'2020-01-27 12:51:03','2020-01-27 12:51:03',NULL,80,NULL),(674,1,19,NULL,'2020-01-27 12:51:19','2020-01-27 12:51:19',NULL,80,NULL),(675,1,35,NULL,'2020-01-27 12:51:34','2020-01-27 12:51:34',NULL,80,NULL),(676,1,20,NULL,'2020-01-27 12:51:34','2020-01-27 12:51:34',NULL,80,NULL),(677,1,21,NULL,'2020-01-27 12:51:49','2020-01-27 12:51:49',NULL,80,NULL),(678,1,22,NULL,'2020-01-27 12:51:49','2020-01-27 12:51:49',NULL,80,NULL),(679,1,23,NULL,'2020-01-27 12:52:04','2020-01-27 12:52:04',NULL,80,NULL),(680,1,24,NULL,'2020-01-27 12:52:04','2020-01-27 12:52:04',NULL,80,NULL),(681,1,25,NULL,'2020-01-27 12:52:19','2020-01-27 12:52:19',NULL,80,NULL),(682,2,26,NULL,'2020-01-27 12:52:34','2020-01-27 12:52:34','682.png',80,NULL),(683,2,27,NULL,'2020-01-27 12:52:50','2020-01-27 12:52:50','683.png',80,NULL),(684,2,28,NULL,'2020-01-27 12:52:50','2020-01-27 12:52:51','684.png',80,NULL),(685,1,29,NULL,'2020-01-27 12:52:51','2020-01-27 12:52:51',NULL,80,NULL),(686,1,30,NULL,'2020-01-27 12:53:06','2020-01-27 12:53:06',NULL,80,NULL),(687,2,31,NULL,'2020-01-27 12:53:21','2020-01-27 12:53:22','687.png',80,NULL),(688,1,32,NULL,'2020-01-27 12:53:22','2020-01-27 12:53:22',NULL,80,NULL),(689,2,33,NULL,'2020-01-27 12:53:37','2020-01-27 12:53:37','689.png',80,NULL),(690,1,34,NULL,'2020-01-27 12:53:53','2020-01-27 12:53:53',NULL,80,NULL),(691,1,7,NULL,'2020-01-27 13:50:36','2020-01-27 13:50:37',NULL,81,NULL),(692,1,8,NULL,'2020-01-27 13:50:37','2020-01-27 13:50:37',NULL,81,NULL),(693,1,9,NULL,'2020-01-27 13:50:37','2020-01-27 13:50:38',NULL,81,NULL),(694,1,10,NULL,'2020-01-27 13:50:53','2020-01-27 13:50:55',NULL,81,NULL),(695,1,11,NULL,'2020-01-27 13:50:55','2020-01-27 13:50:55',NULL,81,NULL),(696,1,12,NULL,'2020-01-27 13:50:55','2020-01-27 13:50:55',NULL,81,NULL),(697,1,13,NULL,'2020-01-27 13:50:55','2020-01-27 13:50:55',NULL,81,NULL),(698,1,14,NULL,'2020-01-27 13:50:55','2020-01-27 13:50:55',NULL,81,NULL),(699,1,15,NULL,'2020-01-27 13:50:55','2020-01-27 13:50:55',NULL,81,NULL),(700,1,16,NULL,'2020-01-27 13:50:55','2020-01-27 13:50:55',NULL,81,NULL),(701,1,17,NULL,'2020-01-27 13:50:55','2020-01-27 13:50:55',NULL,81,NULL),(702,1,18,NULL,'2020-01-27 13:50:55','2020-01-27 13:50:55',NULL,81,NULL),(703,1,19,NULL,'2020-01-27 13:50:55','2020-01-27 13:50:55',NULL,81,NULL),(704,1,35,NULL,'2020-01-27 13:50:55','2020-01-27 13:50:55',NULL,81,NULL),(705,1,20,NULL,'2020-01-27 13:50:55','2020-01-27 13:50:55',NULL,81,NULL),(706,1,21,NULL,'2020-01-27 13:50:55','2020-01-27 13:50:55',NULL,81,NULL),(707,1,22,NULL,'2020-01-27 13:50:55','2020-01-27 13:50:55',NULL,81,NULL),(708,1,23,NULL,'2020-01-27 13:50:55','2020-01-27 13:50:55',NULL,81,NULL),(709,1,24,NULL,'2020-01-27 13:50:55','2020-01-27 13:50:56',NULL,81,NULL),(710,1,25,NULL,'2020-01-27 13:50:56','2020-01-27 13:50:56',NULL,81,NULL),(711,2,26,NULL,'2020-01-27 13:50:56','2020-01-27 13:50:56','711.png',81,NULL),(712,2,27,NULL,'2020-01-27 13:50:56','2020-01-27 13:50:56','712.png',81,NULL),(713,2,28,NULL,'2020-01-27 13:50:57','2020-01-27 13:50:57','713.png',81,NULL),(714,2,29,NULL,'2020-01-27 13:50:58','2020-01-27 13:50:58','714.png',81,NULL),(715,2,30,NULL,'2020-01-27 13:50:59','2020-01-27 13:50:59','715.png',81,NULL),(716,2,31,NULL,'2020-01-27 13:50:59','2020-01-27 13:50:59','716.png',81,NULL),(717,1,32,NULL,'2020-01-27 13:51:00','2020-01-27 13:51:00',NULL,81,NULL),(718,2,33,NULL,'2020-01-27 13:51:00','2020-01-27 13:51:00','718.png',81,NULL),(719,1,34,NULL,'2020-01-27 13:51:00','2020-01-27 13:51:00',NULL,81,NULL);
/*!40000 ALTER TABLE `result_cases` ENABLE KEYS */;
UNLOCK TABLES;

--
-- Table structure for table `result_suites`
--

DROP TABLE IF EXISTS `result_suites`;
/*!40101 SET @saved_cs_client     = @@character_set_client */;
/*!50503 SET character_set_client = utf8mb4 */;
CREATE TABLE `result_suites` (
  `id` int(11) NOT NULL AUTO_INCREMENT,
  `rd_id` int(11) DEFAULT NULL,
  `test_suite_id` int(11) DEFAULT NULL,
  `start_time` datetime DEFAULT NULL,
  `end_time` datetime DEFAULT NULL,
  `created_at` datetime DEFAULT NULL,
  `updated_at` datetime DEFAULT NULL,
  `user_id` int(11) DEFAULT NULL,
  `scheduler_id` int(11) DEFAULT NULL,
  PRIMARY KEY (`id`)
) ENGINE=InnoDB AUTO_INCREMENT=74 DEFAULT CHARSET=utf8 COLLATE=utf8_unicode_ci;
/*!40101 SET character_set_client = @saved_cs_client */;

--
-- Dumping data for table `result_suites`
--

LOCK TABLES `result_suites` WRITE;
/*!40000 ALTER TABLE `result_suites` DISABLE KEYS */;
INSERT INTO `result_suites` VALUES (39,2,2,NULL,NULL,NULL,NULL,NULL,40),(40,2,2,NULL,NULL,NULL,NULL,NULL,41),(41,2,2,NULL,NULL,NULL,NULL,NULL,42),(42,2,2,NULL,NULL,NULL,NULL,NULL,43),(43,2,2,NULL,NULL,NULL,NULL,NULL,44),(44,2,2,NULL,NULL,NULL,NULL,NULL,47),(45,2,2,NULL,NULL,NULL,NULL,NULL,48),(46,2,2,NULL,NULL,NULL,NULL,NULL,49),(47,1,2,NULL,NULL,NULL,NULL,NULL,55),(48,1,2,NULL,NULL,NULL,NULL,NULL,56),(49,1,2,NULL,NULL,NULL,NULL,NULL,57),(50,1,2,NULL,NULL,NULL,NULL,NULL,58),(51,1,2,NULL,NULL,NULL,NULL,NULL,59),(52,2,3,NULL,NULL,NULL,NULL,NULL,60),(53,1,3,NULL,NULL,NULL,NULL,NULL,61),(54,1,3,NULL,NULL,NULL,NULL,NULL,62),(55,2,3,NULL,NULL,NULL,NULL,NULL,63),(56,2,3,NULL,NULL,NULL,NULL,NULL,64),(57,1,3,NULL,NULL,NULL,NULL,NULL,65),(58,1,3,NULL,NULL,NULL,NULL,NULL,66),(59,1,3,NULL,NULL,NULL,NULL,NULL,67),(60,1,3,NULL,NULL,NULL,NULL,NULL,68),(61,1,3,NULL,NULL,NULL,NULL,NULL,69),(62,1,3,NULL,NULL,NULL,NULL,NULL,70),(63,1,3,NULL,NULL,NULL,NULL,NULL,71),(64,1,3,NULL,NULL,NULL,NULL,NULL,72),(65,1,3,NULL,NULL,NULL,NULL,NULL,73),(66,1,3,NULL,NULL,NULL,NULL,NULL,74),(67,1,3,NULL,NULL,NULL,NULL,NULL,75),(68,1,3,NULL,NULL,NULL,NULL,NULL,76),(69,1,3,NULL,NULL,NULL,NULL,NULL,77),(70,1,3,NULL,NULL,NULL,NULL,NULL,78),(71,1,3,NULL,NULL,NULL,NULL,NULL,79),(72,1,3,NULL,NULL,NULL,NULL,NULL,80),(73,1,3,NULL,NULL,NULL,NULL,NULL,81);
/*!40000 ALTER TABLE `result_suites` ENABLE KEYS */;
UNLOCK TABLES;

--
-- Table structure for table `results_dictionaries`
--

DROP TABLE IF EXISTS `results_dictionaries`;
/*!40101 SET @saved_cs_client     = @@character_set_client */;
/*!50503 SET character_set_client = utf8mb4 */;
CREATE TABLE `results_dictionaries` (
  `id` int(11) NOT NULL AUTO_INCREMENT,
  `description` text CHARACTER SET utf8 COLLATE utf8_unicode_ci,
  `created_at` datetime DEFAULT NULL,
  `updated_at` datetime DEFAULT NULL,
  PRIMARY KEY (`id`)
) ENGINE=InnoDB AUTO_INCREMENT=3 DEFAULT CHARSET=utf8 COLLATE=utf8_unicode_ci;
/*!40101 SET character_set_client = @saved_cs_client */;

--
-- Dumping data for table `results_dictionaries`
--

LOCK TABLES `results_dictionaries` WRITE;
/*!40000 ALTER TABLE `results_dictionaries` DISABLE KEYS */;
INSERT INTO `results_dictionaries` VALUES (1,'SUCCESS','2020-01-19 21:44:15','2020-01-19 21:44:15'),(2,'ERROR','2020-01-19 21:44:15','2020-01-19 21:44:15');
/*!40000 ALTER TABLE `results_dictionaries` ENABLE KEYS */;
UNLOCK TABLES;

--
-- Table structure for table `schedulers`
--

DROP TABLE IF EXISTS `schedulers`;
/*!40101 SET @saved_cs_client     = @@character_set_client */;
/*!50503 SET character_set_client = utf8mb4 */;
CREATE TABLE `schedulers` (
  `id` int(11) NOT NULL AUTO_INCREMENT,
  `test_suite_id` int(11) DEFAULT NULL,
  `scheduled_date` datetime DEFAULT NULL,
  `completed_date` datetime DEFAULT NULL,
  `status` varchar(255) CHARACTER SET utf8 COLLATE utf8_unicode_ci DEFAULT NULL,
  `created_at` datetime DEFAULT NULL,
  `updated_at` datetime DEFAULT NULL,
  `dependency` tinyint(1) DEFAULT '0',
  PRIMARY KEY (`id`)
) ENGINE=InnoDB AUTO_INCREMENT=82 DEFAULT CHARSET=utf8 COLLATE=utf8_unicode_ci;
/*!40101 SET character_set_client = @saved_cs_client */;

--
-- Dumping data for table `schedulers`
--

LOCK TABLES `schedulers` WRITE;
/*!40000 ALTER TABLE `schedulers` DISABLE KEYS */;
INSERT INTO `schedulers` VALUES (40,2,'2020-01-26 21:18:17',NULL,'Error','2020-01-26 21:18:17','2020-01-26 21:18:17',0),(41,2,'2020-01-26 21:38:17',NULL,'Error','2020-01-26 21:38:17','2020-01-26 21:38:17',0),(42,2,'2020-01-26 21:40:15',NULL,'Error','2020-01-26 21:40:15','2020-01-26 21:40:15',0),(43,2,'2020-01-26 21:59:01',NULL,'Error','2020-01-26 21:59:01','2020-01-26 21:59:01',0),(44,2,'2020-01-26 22:09:56',NULL,'Error','2020-01-26 22:09:56','2020-01-26 22:09:56',0),(45,2,'2020-01-26 22:21:50',NULL,'Complete','2020-01-26 22:21:50','2020-01-26 22:21:50',0),(46,2,'2020-01-26 22:30:48',NULL,'Complete','2020-01-26 22:30:48','2020-01-26 22:30:48',0),(47,2,'2020-01-26 22:33:41',NULL,'Error','2020-01-26 22:33:41','2020-01-26 22:33:41',0),(48,2,'2020-01-26 22:45:48',NULL,'Error','2020-01-26 22:45:48','2020-01-26 22:45:48',0),(49,2,'2020-01-26 22:54:24',NULL,'Error','2020-01-26 22:54:24','2020-01-26 22:54:24',0),(50,2,'2020-01-26 22:59:54',NULL,'Complete','2020-01-26 22:59:54','2020-01-26 22:59:54',0),(51,2,'2020-01-26 23:12:52',NULL,'Complete','2020-01-26 23:12:52','2020-01-26 23:12:52',0),(52,2,'2020-01-26 23:15:09',NULL,'Complete','2020-01-26 23:15:09','2020-01-26 23:15:09',0),(53,2,'2020-01-26 23:30:17',NULL,'Complete','2020-01-26 23:30:17','2020-01-26 23:30:17',0),(54,2,'2020-01-26 23:54:43',NULL,'Complete','2020-01-26 23:54:43','2020-01-26 23:54:43',0),(55,2,'2020-01-27 00:05:09',NULL,'Complete','2020-01-27 00:05:09','2020-01-27 00:05:09',0),(56,2,'2020-01-27 00:08:48',NULL,'Complete','2020-01-27 00:08:48','2020-01-27 00:08:48',0),(57,2,'2020-01-27 00:16:37',NULL,'Complete','2020-01-27 00:16:37','2020-01-27 00:16:37',0),(58,2,'2020-01-27 00:21:30',NULL,'Complete','2020-01-27 00:21:30','2020-01-27 00:21:30',0),(59,2,'2020-01-27 00:29:42',NULL,'Complete','2020-01-27 00:29:42','2020-01-27 00:29:42',0),(60,3,'2020-01-27 03:09:18',NULL,'Error','2020-01-27 03:09:18','2020-01-27 03:09:18',0),(61,3,'2020-01-27 03:14:40',NULL,'Complete','2020-01-27 03:14:40','2020-01-27 03:14:40',0),(62,3,'2020-01-27 03:17:09',NULL,'Complete','2020-01-27 03:17:09','2020-01-27 03:17:09',0),(63,3,'2020-01-27 03:30:19',NULL,'Error','2020-01-27 03:30:19','2020-01-27 03:30:19',0),(64,3,'2020-01-27 03:37:54',NULL,'Error','2020-01-27 03:37:54','2020-01-27 03:37:54',0),(65,3,'2020-01-27 03:43:53',NULL,'Complete','2020-01-27 03:43:53','2020-01-27 03:43:53',0),(66,3,'2020-01-27 04:00:38',NULL,'Complete','2020-01-27 04:00:38','2020-01-27 04:00:38',0),(67,3,'2020-01-27 04:35:18',NULL,'Complete','2020-01-27 04:35:18','2020-01-27 04:35:18',0),(68,3,'2020-01-27 04:41:45',NULL,'Complete','2020-01-27 04:41:45','2020-01-27 04:41:45',0),(69,3,'2020-01-27 04:45:16',NULL,'Complete','2020-01-27 04:45:16','2020-01-27 04:45:16',0),(70,3,'2020-01-27 04:49:20',NULL,'Complete','2020-01-27 04:49:20','2020-01-27 04:49:20',0),(71,3,'2020-01-27 05:06:22',NULL,'Complete','2020-01-27 05:06:22','2020-01-27 05:06:22',0),(72,3,'2020-01-27 05:35:35',NULL,'Complete','2020-01-27 05:35:35','2020-01-27 05:35:35',0),(73,3,'2020-01-27 05:38:05',NULL,'Complete','2020-01-27 05:38:05','2020-01-27 05:38:05',0),(74,3,'2020-01-27 05:39:23',NULL,'Complete','2020-01-27 05:39:23','2020-01-27 05:39:23',0),(75,3,'2020-01-27 05:42:47',NULL,'Complete','2020-01-27 05:42:47','2020-01-27 05:42:47',0),(76,3,'2020-01-27 05:54:42',NULL,'Complete','2020-01-27 05:54:42','2020-01-27 05:54:42',0),(77,3,'2020-01-27 05:56:42',NULL,'Complete','2020-01-27 05:56:42','2020-01-27 05:56:42',0),(78,3,'2020-01-27 15:56:22',NULL,'Complete','2020-01-27 15:56:22','2020-01-27 15:56:22',0),(79,3,'2020-01-27 15:58:06',NULL,'Complete','2020-01-27 15:58:06','2020-01-27 15:58:06',0),(80,3,'2020-01-27 17:47:22',NULL,'Complete','2020-01-27 17:47:22','2020-01-27 17:47:22',0),(81,3,'2020-01-27 18:49:23',NULL,'Complete','2020-01-27 18:49:23','2020-01-27 18:49:23',0);
/*!40000 ALTER TABLE `schedulers` ENABLE KEYS */;
UNLOCK TABLES;

--
-- Table structure for table `schema_migrations`
--

DROP TABLE IF EXISTS `schema_migrations`;
/*!40101 SET @saved_cs_client     = @@character_set_client */;
/*!50503 SET character_set_client = utf8mb4 */;
CREATE TABLE `schema_migrations` (
  `version` varchar(255) CHARACTER SET utf8 COLLATE utf8_unicode_ci NOT NULL,
  UNIQUE KEY `unique_schema_migrations` (`version`)
) ENGINE=InnoDB DEFAULT CHARSET=utf8 COLLATE=utf8_unicode_ci;
/*!40101 SET character_set_client = @saved_cs_client */;

--
-- Dumping data for table `schema_migrations`
--

LOCK TABLES `schema_migrations` WRITE;
/*!40000 ALTER TABLE `schema_migrations` DISABLE KEYS */;
INSERT INTO `schema_migrations` VALUES ('20150717192111'),('20150717192306'),('20150717192443'),('20150717192604'),('20150717192710'),('20150717192941'),('20150717194214'),('20150717194244'),('20150723204423'),('20150727155306'),('20150727155346'),('20150727160230'),('20150728164627'),('20150729003732'),('20150803152947'),('20150804190818'),('20200114192239'),('20200114192558'),('20200114210812'),('20200115193604'),('20200117203423'),('20200121222059'),('20200122211622'),('20200123184022'),('20200123190651'),('20200127173540'),('20200127181039');
/*!40000 ALTER TABLE `schema_migrations` ENABLE KEYS */;
UNLOCK TABLES;

--
-- Table structure for table `test_cases`
--

DROP TABLE IF EXISTS `test_cases`;
/*!40101 SET @saved_cs_client     = @@character_set_client */;
/*!50503 SET character_set_client = utf8mb4 */;
CREATE TABLE `test_cases` (
  `id` int(11) NOT NULL AUTO_INCREMENT,
  `field_name` varchar(255) CHARACTER SET utf8 COLLATE utf8_unicode_ci DEFAULT NULL,
  `field_type` varchar(255) CHARACTER SET utf8 COLLATE utf8_unicode_ci DEFAULT NULL,
  `read_element` varchar(255) CHARACTER SET utf8 COLLATE utf8_unicode_ci DEFAULT NULL,
  `input_value` varchar(255) CHARACTER SET utf8 COLLATE utf8_unicode_ci DEFAULT NULL,
  `string` varchar(255) CHARACTER SET utf8 COLLATE utf8_unicode_ci DEFAULT NULL,
  `action` varchar(255) CHARACTER SET utf8 COLLATE utf8_unicode_ci DEFAULT NULL,
  `action_url` text CHARACTER SET utf8 COLLATE utf8_unicode_ci,
  `created_at` datetime DEFAULT NULL,
  `updated_at` datetime DEFAULT NULL,
  `dependency` tinyint(1) DEFAULT '0',
  `base_url` text COLLATE utf8_unicode_ci,
  `xpath` text COLLATE utf8_unicode_ci,
  `sleeps` int(11) DEFAULT NULL,
  PRIMARY KEY (`id`)
) ENGINE=InnoDB AUTO_INCREMENT=36 DEFAULT CHARSET=utf8 COLLATE=utf8_unicode_ci;
/*!40101 SET character_set_client = @saved_cs_client */;

--
-- Dumping data for table `test_cases`
--

LOCK TABLES `test_cases` WRITE;
/*!40000 ALTER TABLE `test_cases` DISABLE KEYS */;
INSERT INTO `test_cases` VALUES (3,'Patients','anchor','Patients','Patients',NULL,'click','https://hotline.resourcestack.com/search','2020-01-17 16:40:29','2020-01-17 16:40:29',1,NULL,NULL,NULL),(4,'answer_call','span','Answer Call','','','click','','2020-01-17 16:40:29','2020-01-22 22:05:16',1,NULL,NULL,NULL),(5,'where_are_you_calling_from','text','','VA','Virginia',NULL,'','2020-01-20 17:48:39','2020-01-22 22:06:50',0,NULL,NULL,NULL),(6,'where_are_you_calling_from','text','','','','tab','','2020-01-26 19:04:46','2020-01-26 19:04:46',0,NULL,NULL,NULL),(7,'Patients','anchor','Patients','Patients','','click','https://hotline.resourcestack.com/search','2020-01-27 03:07:44','2020-01-27 03:39:59',1,NULL,NULL,NULL),(8,'answer_call','span','Answer Call','Answer Call ','','click','https://hotline.resourcestack.com/search','2020-01-27 03:07:44','2020-01-27 03:16:50',1,NULL,NULL,NULL),(9,'where_are_you_calling_from','text',NULL,'MD',NULL,NULL,NULL,'2020-01-27 03:07:44','2020-01-27 03:07:44',1,NULL,NULL,15),(10,'where_are_you_calling_from','text',NULL,NULL,NULL,'tab','https://hotline.resourcestack.com/rachaelfunds/redirect_from_patients/MD','2020-01-27 03:07:44','2020-01-27 03:07:44',1,NULL,NULL,NULL),(11,'firstname','text',NULL,'sameer',NULL,NULL,NULL,'2020-01-27 03:07:44','2020-01-27 03:07:44',1,NULL,NULL,NULL),(12,'lastname','text',NULL,'sharma',NULL,NULL,NULL,'2020-01-27 03:07:44','2020-01-27 03:07:44',1,NULL,NULL,NULL),(13,'phone_num','text','','5712236741','','','','2020-01-27 03:07:44','2020-01-27 03:42:56',1,NULL,NULL,NULL),(14,'call_insurance_true','radio',NULL,NULL,NULL,'click',NULL,'2020-01-27 03:07:44','2020-01-27 03:07:44',1,NULL,NULL,NULL),(15,'call_cover_abortion_false','radio',NULL,NULL,NULL,'click',NULL,'2020-01-27 03:07:44','2020-01-27 03:07:44',1,NULL,NULL,NULL),(16,'zipcode','text','','20877','','','','2020-01-27 03:07:44','2020-01-27 03:43:26',1,NULL,NULL,NULL),(17,'zipcode','text',NULL,NULL,NULL,'tab',NULL,'2020-01-27 03:07:44','2020-01-27 03:07:44',1,NULL,NULL,NULL),(18,'familysize','text','','3','','','','2020-01-27 03:07:44','2020-01-27 03:14:28',1,NULL,NULL,NULL),(19,'gross_monthly_income','text',NULL,'1000.0',NULL,NULL,NULL,'2020-01-27 03:07:44','2020-01-27 03:07:44',1,NULL,NULL,NULL),(20,'call_eligible','checkbox','1','','','','','2020-01-27 03:07:44','2020-01-27 03:13:51',1,NULL,NULL,NULL),(21,'call_priv_info_cov','checkbox',NULL,NULL,NULL,'click',NULL,'2020-01-27 03:07:44','2020-01-27 03:07:44',1,NULL,NULL,NULL),(22,'call_priv_info_cov','checkbox','1','','','','','2020-01-27 03:07:44','2020-01-27 03:14:16',1,NULL,NULL,NULL),(23,'new_call','button',NULL,NULL,NULL,'click',NULL,'2020-01-27 03:07:44','2020-01-27 03:07:44',1,NULL,NULL,NULL),(24,'first','text','sameer',NULL,NULL,NULL,NULL,'2020-01-27 03:07:45','2020-01-27 03:07:45',1,NULL,NULL,NULL),(25,'last','text','sharma',NULL,NULL,NULL,NULL,'2020-01-27 03:07:45','2020-01-27 03:07:45',1,NULL,NULL,NULL),(26,'phone','text','5712236741.0',NULL,NULL,NULL,NULL,'2020-01-27 03:07:45','2020-01-27 03:07:45',1,NULL,NULL,NULL),(27,'filter','anchor','filter','','','click','','2020-01-27 03:07:45','2020-01-27 04:34:56',1,NULL,NULL,NULL),(28,'New RF Patient','anchor','New RF Patient',NULL,NULL,'click','https://hotline.resourcestack.com/rachaelfunds/new?ab_date=&cid=2211108&first=Sameer&last=Sharma&phone=5712332013&pledge_id=&state=MD&zip=','2020-01-27 03:07:45','2020-01-27 03:07:45',1,NULL,NULL,NULL),(29,'rachaelfund_patient_firstname','text','sameer',NULL,NULL,NULL,NULL,'2020-01-27 03:07:45','2020-01-27 03:07:45',1,NULL,NULL,NULL),(30,'rachaelfund_patient_lastname','text','sharma',NULL,NULL,NULL,NULL,'2020-01-27 03:07:45','2020-01-27 03:07:45',1,NULL,NULL,NULL),(31,'zipcode','text','20877','','','','','2020-01-27 03:07:45','2020-01-27 03:43:42',1,NULL,NULL,NULL),(32,'city','text','GAITHERSBURG',NULL,NULL,NULL,NULL,'2020-01-27 03:07:45','2020-01-27 03:07:45',1,NULL,NULL,NULL),(33,'familysize','text','3.0',NULL,NULL,NULL,NULL,'2020-01-27 03:07:45','2020-01-27 03:07:45',1,NULL,NULL,NULL),(34,'call_eligible','checkbox','1','','','','','2020-01-27 03:07:45','2020-01-27 03:14:04',1,NULL,NULL,NULL),(35,'gross_monthly_income','text','','','','tab','','2020-01-27 05:29:32','2020-01-27 05:29:32',0,NULL,NULL,NULL);
/*!40000 ALTER TABLE `test_cases` ENABLE KEYS */;
UNLOCK TABLES;

--
-- Table structure for table `test_data`
--

DROP TABLE IF EXISTS `test_data`;
/*!40101 SET @saved_cs_client     = @@character_set_client */;
/*!50503 SET character_set_client = utf8mb4 */;
CREATE TABLE `test_data` (
  `id` int(11) NOT NULL AUTO_INCREMENT,
  `test_id` int(11) DEFAULT NULL,
  `result_id` int(11) DEFAULT NULL,
  `date_of_test` datetime DEFAULT NULL,
  `browser` varchar(255) CHARACTER SET utf8 COLLATE utf8_unicode_ci DEFAULT NULL,
  `details` text CHARACTER SET utf8 COLLATE utf8_unicode_ci,
  `created_at` datetime DEFAULT NULL,
  `updated_at` datetime DEFAULT NULL,
  PRIMARY KEY (`id`)
) ENGINE=InnoDB DEFAULT CHARSET=utf8 COLLATE=utf8_unicode_ci;
/*!40101 SET character_set_client = @saved_cs_client */;

--
-- Dumping data for table `test_data`
--

LOCK TABLES `test_data` WRITE;
/*!40000 ALTER TABLE `test_data` DISABLE KEYS */;
/*!40000 ALTER TABLE `test_data` ENABLE KEYS */;
UNLOCK TABLES;

--
-- Table structure for table `test_suites`
--

DROP TABLE IF EXISTS `test_suites`;
/*!40101 SET @saved_cs_client     = @@character_set_client */;
/*!50503 SET character_set_client = utf8mb4 */;
CREATE TABLE `test_suites` (
  `id` int(11) NOT NULL AUTO_INCREMENT,
  `name` varchar(255) CHARACTER SET utf8 COLLATE utf8_unicode_ci DEFAULT NULL,
  `created_at` datetime DEFAULT NULL,
  `updated_at` datetime DEFAULT NULL,
  `environment_id` int(11) DEFAULT NULL,
  `dependency` tinyint(1) DEFAULT '0',
  `base_url` text COLLATE utf8_unicode_ci,
  PRIMARY KEY (`id`)
) ENGINE=InnoDB AUTO_INCREMENT=4 DEFAULT CHARSET=utf8 COLLATE=utf8_unicode_ci;
/*!40101 SET character_set_client = @saved_cs_client */;

--
-- Dumping data for table `test_suites`
--

LOCK TABLES `test_suites` WRITE;
/*!40000 ALTER TABLE `test_suites` DISABLE KEYS */;
INSERT INTO `test_suites` VALUES (1,'test1','2015-07-31 17:09:13','2015-07-31 17:09:13',1,0,NULL),(2,'Hotline - Answer Call ','2020-01-17 16:40:29','2020-01-26 23:32:33',1,1,'https://hotline.resourcestack.com/'),(3,'RF_Complete_call_MD','2020-01-27 03:07:45','2020-01-27 03:07:45',1,1,'https://hotline.resourcestack.com/');
/*!40000 ALTER TABLE `test_suites` ENABLE KEYS */;
UNLOCK TABLES;

--
-- Table structure for table `testing_cases`
--

DROP TABLE IF EXISTS `testing_cases`;
/*!40101 SET @saved_cs_client     = @@character_set_client */;
/*!50503 SET character_set_client = utf8mb4 */;
CREATE TABLE `testing_cases` (
  `id` int(11) NOT NULL AUTO_INCREMENT,
  `field_name` varchar(255) CHARACTER SET utf8 COLLATE utf8_unicode_ci DEFAULT NULL,
  `field_type` varchar(255) CHARACTER SET utf8 COLLATE utf8_unicode_ci DEFAULT NULL,
  `business_rules` text CHARACTER SET utf8 COLLATE utf8_unicode_ci,
  `created_at` datetime DEFAULT NULL,
  `updated_at` datetime DEFAULT NULL,
  PRIMARY KEY (`id`)
) ENGINE=InnoDB DEFAULT CHARSET=utf8 COLLATE=utf8_unicode_ci;
/*!40101 SET character_set_client = @saved_cs_client */;

--
-- Dumping data for table `testing_cases`
--

LOCK TABLES `testing_cases` WRITE;
/*!40000 ALTER TABLE `testing_cases` DISABLE KEYS */;
/*!40000 ALTER TABLE `testing_cases` ENABLE KEYS */;
UNLOCK TABLES;

--
-- Table structure for table `users`
--

DROP TABLE IF EXISTS `users`;
/*!40101 SET @saved_cs_client     = @@character_set_client */;
/*!50503 SET character_set_client = utf8mb4 */;
CREATE TABLE `users` (
  `id` int(11) NOT NULL AUTO_INCREMENT,
  `email` varchar(255) CHARACTER SET utf8 COLLATE utf8_unicode_ci NOT NULL DEFAULT '',
  `encrypted_password` varchar(255) CHARACTER SET utf8 COLLATE utf8_unicode_ci NOT NULL DEFAULT '',
  `reset_password_token` varchar(255) CHARACTER SET utf8 COLLATE utf8_unicode_ci DEFAULT NULL,
  `reset_password_sent_at` datetime DEFAULT NULL,
  `remember_created_at` datetime DEFAULT NULL,
  `sign_in_count` int(11) NOT NULL DEFAULT '0',
  `current_sign_in_at` datetime DEFAULT NULL,
  `last_sign_in_at` datetime DEFAULT NULL,
  `current_sign_in_ip` varchar(255) CHARACTER SET utf8 COLLATE utf8_unicode_ci DEFAULT NULL,
  `last_sign_in_ip` varchar(255) CHARACTER SET utf8 COLLATE utf8_unicode_ci DEFAULT NULL,
  `created_at` datetime NOT NULL,
  `updated_at` datetime NOT NULL,
  PRIMARY KEY (`id`),
  UNIQUE KEY `index_users_on_email` (`email`) USING BTREE,
  UNIQUE KEY `index_users_on_reset_password_token` (`reset_password_token`) USING BTREE
) ENGINE=InnoDB AUTO_INCREMENT=2 DEFAULT CHARSET=utf8 COLLATE=utf8_unicode_ci;
/*!40101 SET character_set_client = @saved_cs_client */;

--
-- Dumping data for table `users`
--

LOCK TABLES `users` WRITE;
/*!40000 ALTER TABLE `users` DISABLE KEYS */;
INSERT INTO `users` VALUES (1,'sameer.sharma@resourcestack.com','$2a$11$YNcSpgp2jjFvDTyBXrQ27.FxToGrJwfvq2qXh6gbiRpXV5mpI2ohy',NULL,NULL,NULL,15,'2020-01-27 00:59:39','2020-01-26 04:00:45','::1','127.0.0.1','2015-07-27 21:44:40','2020-01-27 00:59:39');
/*!40000 ALTER TABLE `users` ENABLE KEYS */;
UNLOCK TABLES;
/*!40103 SET TIME_ZONE=@OLD_TIME_ZONE */;

/*!40101 SET SQL_MODE=@OLD_SQL_MODE */;
/*!40014 SET FOREIGN_KEY_CHECKS=@OLD_FOREIGN_KEY_CHECKS */;
/*!40014 SET UNIQUE_CHECKS=@OLD_UNIQUE_CHECKS */;
/*!40101 SET CHARACTER_SET_CLIENT=@OLD_CHARACTER_SET_CLIENT */;
/*!40101 SET CHARACTER_SET_RESULTS=@OLD_CHARACTER_SET_RESULTS */;
/*!40101 SET COLLATION_CONNECTION=@OLD_COLLATION_CONNECTION */;
/*!40111 SET SQL_NOTES=@OLD_SQL_NOTES */;

-- Dump completed on 2020-01-27 15:09:54
